id,season_id,season_name,competition,team_id,team_name,rank,ap_pct,wins,losses,home_record,away_record,finish_stage,is_champion,games_played,points_total,points_per_game,points_against,point_diff,fg_made,fg_attempted,fg_pct,three_made,three_attempted,three_pct,two_made,two_attempted,two_pct,ft_made,ft_attempted,ft_pct,offensive_rebounds_total,defensive_rebounds_total,rebounds_total,rebounds_per_game,assists_total,assists_per_game,steals_total,steals_per_game,blocks_total,blocks_per_game,turnovers_total,turnovers_per_game,fouls_committed_total,fouls_received_total,dunks_total,plus_minus_total,plus_minus_per_game,efficiency_total,efficiency_per_game
1,1,2008-09,NBB,5,,10,35.7,10,18,6-8,4-10,não classificou,0,26,1957,75.27,2211,-111,689,1515,0.455,172,545,0.316,517,970,0.533,407,619,0.658,540,206,746,28.69,332,12.77,229,8.81,40,1.54,359,13.81,566,0,26,0,0.00,1907,73.35
2,1,2008-09,NBB,8,,4,75.0,21,7,12-2,9-5,semifinal,0,35,2918,83.37,2108,212,1022,2228,0.459,354,947,0.374,668,1281,0.521,520,737,0.706,845,329,1174,33.54,579,16.54,306,8.74,103,2.94,501,14.31,703,0,57,0,0.00,3156,90.17
3,1,2008-09,NBB,6,,1,92.9,26,2,13-1,13-1,campeão,1,39,3581,91.82,2224,392,1223,2468,0.496,376,1003,0.375,847,1465,0.578,759,998,0.761,955,341,1296,33.23,666,17.08,336,8.62,67,1.72,523,13.41,780,0,75,0,0.00,3932,100.82
4,1,2008-09,NBB,3,,7,57.1,16,12,11-3,5-9,quartas,0,30,2411,80.37,2195,93,859,1840,0.467,269,705,0.382,590,1135,0.520,424,579,0.732,622,279,901,30.03,393,13.10,193,6.43,53,1.77,309,10.30,544,0,42,0,0.00,2506,83.53
5,1,2008-09,NBB,15,,13,25.0,7,21,7-7,0-14,não classificou,0,26,2010,77.31,2313,-149,703,1621,0.434,214,637,0.336,489,984,0.497,390,547,0.713,524,252,776,29.85,341,13.12,176,6.77,53,2.04,371,14.27,564,0,19,0,0.00,1910,73.46
6,1,2008-09,NBB,4,,2,78.6,22,6,12-2,10-4,vice-campeão,0,42,3581,85.26,2208,234,1220,2505,0.487,307,922,0.333,913,1583,0.577,834,1101,0.757,1065,354,1419,33.79,634,15.10,317,7.55,159,3.79,669,15.93,985,0,79,0,0.00,3913,93.17
7,1,2008-09,NBB,1,,12,28.6,8,20,6-8,2-12,não classificou,0,28,2092,74.71,2261,-162,732,1661,0.441,227,684,0.332,505,977,0.517,401,557,0.720,600,199,799,28.54,430,15.36,228,8.14,105,3.75,458,16.36,621,0,65,0,0.00,2111,75.39
8,1,2008-09,NBB,11,,3,75.0,21,7,12-2,9-5,semifinal,0,35,2996,85.60,2212,216,1071,2142,0.500,264,739,0.357,807,1403,0.575,590,815,0.724,868,321,1189,33.97,596,17.03,240,6.86,100,2.86,527,15.06,656,0,44,0,0.00,3298,94.23
9,1,2008-09,NBB,10,,5,64.3,18,10,12-2,6-8,quartas,0,31,2642,85.23,2307,92,900,1895,0.475,276,769,0.359,624,1126,0.554,566,743,0.762,681,228,909,29.32,528,17.03,276,8.90,129,4.16,462,14.90,646,0,83,0,0.00,2850,91.94
10,1,2008-09,NBB,12,,9,39.3,11,17,8-6,3-11,não classificou,0,28,2161,77.18,2308,-147,757,1687,0.449,198,615,0.322,559,1072,0.521,449,634,0.708,573,302,875,31.25,390,13.93,214,7.64,83,2.96,471,16.82,641,0,29,0,0.00,2137,76.32
11,1,2008-09,NBB,2,,11,35.7,10,18,7-7,3-11,não classificou,0,27,2009,74.41,2239,-161,655,1470,0.446,198,579,0.342,457,891,0.513,501,704,0.712,569,209,778,28.81,313,11.59,174,6.44,89,3.30,342,12.67,549,0,37,0,0.00,2003,74.19
12,1,2008-09,NBB,13,,6,57.1,16,12,11-3,5-9,quartas,0,30,2602,86.73,2336,102,895,1860,0.481,286,741,0.386,609,1119,0.544,526,706,0.745,677,279,956,31.87,469,15.63,224,7.47,55,1.83,385,12.83,554,0,85,0,0.00,2776,92.53
13,1,2008-09,NBB,14,,15,14.3,4,24,3-11,1-13,não classificou,0,28,2037,72.75,2426,-389,732,1714,0.427,211,669,0.315,521,1045,0.499,362,590,0.614,550,276,826,29.50,315,11.25,269,9.61,52,1.86,487,17.39,611,0,90,0,0.00,1802,64.36
14,1,2008-09,NBB,9,,14,14.3,4,24,3-11,1-13,não classificou,0,28,2043,72.96,2339,-292,724,1668,0.434,172,575,0.299,552,1093,0.505,423,598,0.707,512,241,753,26.89,321,11.46,209,7.46,28,1.00,363,12.96,584,0,7,0,0.00,1872,66.86
15,1,2008-09,NBB,7,,8,57.1,16,12,11-3,5-9,quartas,0,33,2760,83.64,2201,70,964,2134,0.452,242,718,0.337,722,1416,0.510,590,777,0.759,712,299,1011,30.64,535,16.21,285,8.64,78,2.36,421,12.76,745,0,28,0,0.00,2891,87.61
16,2,2009-10,NBB,13,,6,53.8,14,12,9-4,5-8,quartas,0,30,2551,85.03,2225,27,887,1831,0.484,263,706,0.373,624,1125,0.555,514,668,0.769,662,252,914,30.47,415,13.83,193,6.43,76,2.53,408,13.60,556,611,75,0,0.00,2643,88.10
17,2,2009-10,NBB,4,,1,80.8,21,5,12-1,9-4,campeão,1,38,3482,91.63,2098,253,1229,2405,0.511,323,895,0.361,906,1510,0.600,701,897,0.781,929,361,1290,33.95,649,17.08,255,6.71,117,3.08,474,12.47,726,796,78,0,0.00,3947,103.87
18,2,2009-10,NBB,7,,3,65.4,17,9,11-2,6-7,semifinal,0,32,2687,83.97,2084,125,916,1903,0.481,297,737,0.403,619,1166,0.531,558,735,0.759,675,221,896,28.00,430,13.44,230,7.19,78,2.44,352,11.00,640,630,23,0,0.00,2805,87.66
19,2,2009-10,NBB,2,,9,42.3,11,15,6-7,5-8,oitavas,0,29,2233,77.00,2106,-92,794,1795,0.442,249,735,0.339,545,1060,0.514,396,559,0.708,617,289,906,31.24,343,11.83,188,6.48,57,1.97,348,12.00,556,525,55,0,0.00,2215,76.38
20,2,2009-10,NBB,12,,11,34.6,9,17,6-7,3-10,oitavas,0,28,2244,80.14,2232,-154,809,1812,0.446,223,682,0.327,586,1130,0.519,403,584,0.690,552,289,841,30.04,382,13.64,227,8.11,53,1.89,392,14.00,612,519,39,0,0.00,2171,77.54
21,2,2009-10,NBB,11,,4,65.4,17,9,9-4,8-5,semifinal,0,34,2981,87.68,2189,94,1101,2197,0.501,275,730,0.377,826,1467,0.563,504,649,0.777,769,330,1099,32.32,683,20.09,221,6.50,87,2.56,462,13.59,702,598,28,0,0.00,3368,99.06
22,2,2009-10,NBB,6,,2,76.9,20,6,12-1,8-5,vice-campeão,0,37,3315,89.59,2009,359,1166,2364,0.493,426,1031,0.413,740,1333,0.555,557,732,0.761,880,309,1189,32.14,505,13.65,308,8.32,81,2.19,434,11.73,774,694,74,0,0.00,3591,97.05
23,2,2009-10,NBB,5,,12,34.6,9,17,7-6,2-11,oitavas,0,27,1944,72.00,2057,-182,682,1581,0.431,186,591,0.315,496,990,0.501,394,624,0.631,550,283,833,30.85,264,9.78,218,8.07,63,2.33,388,14.37,546,540,55,0,0.00,1805,66.85
24,2,2009-10,NBB,8,,5,57.7,15,11,9-4,6-7,quartas,0,30,2370,79.00,2035,5,822,1887,0.436,261,758,0.344,561,1129,0.497,465,657,0.708,651,304,955,31.83,366,12.20,196,6.53,55,1.83,367,12.23,586,565,40,0,0.00,2318,77.27
25,2,2009-10,NBB,16,,13,30.8,8,18,6-7,2-11,não classificou,0,26,2028,78.00,2203,-175,680,1603,0.424,218,671,0.325,462,932,0.496,450,602,0.748,493,261,754,29.00,347,13.35,191,7.35,68,2.62,387,14.88,530,517,16,0,0.00,1926,74.08
26,2,2009-10,NBB,1,,10,38.5,10,16,8-5,2-11,oitavas,0,30,2363,78.77,2072,-2,850,1829,0.465,251,716,0.351,599,1113,0.538,412,536,0.769,634,269,903,30.10,450,15.00,230,7.67,75,2.50,432,14.40,621,550,56,0,0.00,2486,82.87
27,2,2009-10,NBB,3,,8,46.2,12,14,11-2,1-12,quartas,0,32,2721,85.03,2153,40,975,2041,0.478,305,760,0.401,670,1281,0.523,466,655,0.711,640,335,975,30.47,429,13.41,210,6.56,64,2.00,308,9.62,560,589,42,0,0.00,2836,88.62
28,2,2009-10,NBB,15,,7,50.0,13,13,10-3,3-10,quartas,0,33,2615,79.24,2061,3,922,1960,0.470,330,943,0.350,592,1017,0.582,441,614,0.718,678,288,966,29.27,611,18.52,230,6.97,54,1.64,433,13.12,660,567,55,0,0.00,2832,85.82
29,2,2009-10,NBB,14,,14,23.1,6,20,4-9,2-11,não classificou,0,26,1872,72.00,2173,-301,713,1612,0.442,143,464,0.308,570,1148,0.497,303,515,0.588,528,236,764,29.38,228,8.77,233,8.96,50,1.92,315,12.12,499,442,49,0,0.00,1721,66.19
30,3,2010-11,NBB,7,,3,71.4,20,8,13-1,7-7,vice-campeão,0,38,3215,84.61,2186,215,1135,2329,0.487,284,778,0.365,851,1551,0.549,661,842,0.785,832,315,1147,30.18,624,16.42,280,7.37,60,1.58,428,11.26,865,776,35,0,0.00,3544,93.26
31,3,2010-11,NBB,10,,10,42.9,12,16,6-8,6-8,oitavas,0,33,2516,76.24,2228,-110,866,1935,0.448,273,784,0.348,593,1151,0.515,511,669,0.764,672,250,922,27.94,465,14.09,236,7.15,75,2.27,436,13.21,700,644,39,0,0.00,2571,77.91
32,3,2010-11,NBB,13,,4,71.4,20,8,11-3,9-5,semifinal,0,37,3228,87.24,2237,207,1148,2314,0.496,302,841,0.359,846,1473,0.574,630,814,0.774,809,333,1142,30.86,582,15.73,286,7.73,106,2.86,462,12.49,727,777,111,0,0.00,3568,96.43
33,3,2010-11,NBB,12,,12,28.6,8,20,6-8,2-12,oitavas,0,30,2180,72.67,2357,-295,773,1788,0.432,174,585,0.297,599,1203,0.498,460,629,0.731,566,243,809,26.97,338,11.27,233,7.77,55,1.83,454,15.13,619,574,40,0,0.00,2018,67.27
34,3,2010-11,NBB,4,,1,71.4,20,8,12-2,8-6,campeão,1,40,3532,88.30,2180,281,1224,2542,0.482,367,1031,0.356,857,1511,0.567,717,898,0.798,968,360,1328,33.20,636,15.90,343,8.57,93,2.33,466,11.65,864,810,72,0,0.00,3987,99.67
35,3,2010-11,NBB,8,,7,60.7,17,11,10-4,7-7,quartas,0,38,3138,82.58,2181,159,1098,2395,0.458,351,962,0.365,747,1433,0.521,591,802,0.737,914,329,1243,32.71,441,11.61,253,6.66,56,1.47,488,12.84,738,735,45,0,0.00,3163,83.24
36,3,2010-11,NBB,18,,13,25.0,7,21,6-8,1-13,não classificou,0,28,2098,74.93,2496,-398,741,1690,0.438,203,625,0.325,538,1065,0.505,413,585,0.706,474,290,764,27.29,289,10.32,203,7.25,60,2.14,439,15.68,604,555,37,0,0.00,1871,66.82
37,3,2010-11,NBB,2,,15,17.9,5,23,5-9,0-14,não classificou,0,28,2073,74.04,2303,-230,750,1682,0.446,166,545,0.305,584,1137,0.514,407,584,0.697,592,232,824,29.43,357,12.75,189,6.75,80,2.86,345,12.32,611,508,26,0,0.00,2086,74.50
38,3,2010-11,NBB,15,,8,53.6,15,13,9-5,6-8,quartas,0,35,2800,80.00,2115,124,1010,2086,0.484,239,752,0.318,771,1334,0.578,541,691,0.783,742,332,1074,30.69,643,18.37,231,6.60,81,2.31,453,12.94,789,654,38,0,0.00,3181,90.89
39,3,2010-11,NBB,6,,2,71.4,20,8,12-2,8-6,semifinal,0,35,3008,85.94,2188,262,1058,2165,0.489,315,843,0.374,743,1322,0.562,577,782,0.738,856,284,1140,32.57,478,13.66,251,7.17,63,1.80,410,11.71,705,671,71,0,0.00,3234,92.40
40,3,2010-11,NBB,5,,14,21.4,6,22,3-11,3-11,não classificou,0,27,1909,70.70,2370,-378,666,1532,0.435,209,640,0.327,457,892,0.512,368,507,0.726,481,229,710,26.30,245,9.07,170,6.30,41,1.52,393,14.56,503,501,17,0,0.00,1684,62.37
41,3,2010-11,NBB,3,,5,67.9,19,9,10-4,9-5,quartas,0,35,2996,85.60,2173,245,1086,2206,0.492,320,817,0.392,766,1389,0.551,504,694,0.726,793,353,1146,32.74,518,14.80,248,7.09,74,2.11,389,11.11,645,674,61,0,0.00,3302,94.34
42,3,2010-11,NBB,1,,11,32.1,9,19,7-7,2-12,oitavas,0,31,2327,75.06,2308,-170,852,1841,0.463,213,604,0.353,639,1237,0.517,410,518,0.792,615,232,847,27.32,403,13.00,199,6.42,68,2.19,399,12.87,559,519,16,0,0.00,2370,76.45
43,3,2010-11,NBB,11,,9,46.4,13,15,7-7,6-8,oitavas,0,33,2512,76.12,2242,-110,907,1985,0.457,218,710,0.307,689,1275,0.540,480,606,0.792,682,269,951,28.82,435,13.18,231,7.00,72,2.18,410,12.42,638,628,43,0,0.00,2597,78.70
44,3,2010-11,NBB,17,,6,67.9,19,9,10-4,9-5,quartas,0,36,2997,83.25,2151,198,1060,2221,0.477,282,781,0.361,778,1440,0.540,595,796,0.747,851,313,1164,32.33,468,13.00,263,7.31,67,1.86,443,12.31,604,735,104,0,0.00,3185,88.47
45,4,2011-12,NBB,19,,11,39.3,11,17,9-5,2-12,oitavas,0,31,2349,75.77,2300,-172,784,1782,0.440,236,691,0.342,548,1091,0.502,545,717,0.760,631,262,893,28.81,291,9.39,224,7.23,41,1.32,409,13.19,624,647,31,0,0.00,2406,77.61
46,4,2011-12,NBB,1,,14,7.1,2,26,2-12,0-14,não classificou,0,27,1996,73.93,2488,-411,740,1617,0.458,147,453,0.325,593,1164,0.509,369,479,0.770,479,169,648,24.00,353,13.07,208,7.70,50,1.85,388,14.37,589,472,24,0,0.00,2015,74.63
47,4,2011-12,NBB,11,,12,32.1,9,19,6-8,3-11,não classificou,0,28,2179,77.82,2303,-124,782,1682,0.465,183,534,0.343,599,1148,0.522,432,555,0.778,530,261,791,28.25,361,12.89,204,7.29,79,2.82,370,13.21,623,531,38,0,0.00,2352,84.00
48,4,2011-12,NBB,12,,7,60.7,17,11,10-4,7-7,oitavas,0,31,2512,81.03,2240,46,876,1864,0.470,253,709,0.357,623,1155,0.539,507,689,0.736,655,247,902,29.10,393,12.68,225,7.26,61,1.97,435,14.03,707,641,55,0,0.00,2703,87.19
49,4,2011-12,NBB,3,,6,60.7,17,11,12-2,5-9,quartas,0,33,2709,82.09,2172,135,972,2115,0.460,259,733,0.353,713,1382,0.516,506,647,0.782,695,382,1077,32.64,442,13.39,242,7.33,59,1.79,377,11.42,638,592,50,0,0.00,3044,92.24
50,4,2011-12,NBB,10,,9,46.4,13,15,8-6,5-9,oitavas,0,33,2688,81.45,2207,71,938,1984,0.473,300,791,0.379,638,1193,0.535,512,642,0.798,637,207,844,25.58,460,13.94,231,7.00,59,1.79,391,11.85,724,655,51,0,0.00,2882,87.33
51,4,2011-12,NBB,15,,1,82.1,23,5,13-1,10-4,vice-campeão,0,37,3229,87.27,2174,250,1087,2232,0.487,331,887,0.373,756,1345,0.562,724,878,0.825,871,318,1189,32.14,646,17.46,249,6.73,106,2.86,495,13.38,719,772,44,0,0.00,3803,102.78
52,4,2011-12,NBB,17,,5,64.3,18,10,12-2,6-8,quartas,0,37,3102,83.84,2257,134,1095,2228,0.491,316,805,0.393,779,1423,0.547,596,763,0.781,826,266,1092,29.51,539,14.57,243,6.57,121,3.27,435,11.76,704,753,109,0,0.00,3567,96.41
53,4,2011-12,NBB,4,,4,75.0,21,7,13-1,8-6,campeão,1,37,3196,86.38,2248,184,1086,2220,0.489,285,837,0.341,801,1383,0.579,739,913,0.809,885,293,1178,31.84,532,14.38,278,7.51,104,2.81,484,13.08,833,800,48,0,0.00,3704,100.11
54,4,2011-12,NBB,13,,3,75.0,21,7,12-2,9-5,semifinal,0,38,3215,84.61,2173,255,1140,2277,0.501,292,791,0.369,848,1486,0.571,643,878,0.732,819,313,1132,29.79,599,15.76,298,7.84,98,2.58,500,13.16,780,821,103,0,0.00,3750,98.68
55,4,2011-12,NBB,6,,2,75.0,21,7,11-3,10-4,semifinal,0,38,3320,87.37,2173,296,1206,2327,0.518,299,761,0.393,907,1566,0.579,609,769,0.792,857,298,1155,30.39,582,15.32,232,6.11,67,1.76,400,10.53,721,718,58,0,0.00,3860,101.58
56,4,2011-12,NBB,8,,8,50.0,14,14,10-4,4-10,quartas,0,38,2996,78.84,2232,-15,1041,2368,0.440,212,671,0.316,829,1697,0.489,702,964,0.728,811,374,1185,31.18,462,12.16,297,7.82,54,1.42,478,12.58,854,820,59,0,0.00,3218,84.68
57,4,2011-12,NBB,20,,13,32.1,9,19,6-8,3-11,oitavas,0,32,2485,77.66,2384,-184,857,1886,0.454,178,583,0.305,679,1303,0.521,593,783,0.757,647,268,915,28.59,361,11.28,242,7.56,53,1.66,429,13.41,673,700,31,0,0.00,2614,81.69
58,4,2011-12,NBB,7,,10,46.4,13,15,9-5,4-10,quartas,0,34,2824,83.06,2339,0,983,2032,0.484,223,623,0.358,760,1409,0.539,635,788,0.806,710,280,990,29.12,537,15.79,254,7.47,81,2.38,465,13.68,764,702,49,0,0.00,3212,94.47
59,4,2011-12,NBB,5,,15,3.6,1,27,1-13,0-14,não classificou,0,28,1859,66.39,2324,-465,649,1613,0.402,209,603,0.347,440,1010,0.436,352,470,0.749,524,226,750,26.79,258,9.21,185,6.61,57,2.04,427,15.25,599,496,13,0,0.00,1742,62.21
60,5,2012-13,NBB,13,,6,64.7,22,12,13-4,9-8,quartas,0,34,2923,85.97,2825,116,1018,2043,0.498,363,906,0.401,655,1137,0.576,524,694,0.755,752,238,990,29.12,544,16.00,229,6.74,72,2.12,403,11.85,710,661,57,0,0.00,3289,96.74
61,5,2012-13,NBB,6,,1,88.2,30,4,15-2,15-2,campeão,1,40,3595,89.88,2585,503,1275,2527,0.505,327,865,0.378,948,1662,0.570,718,955,0.752,1017,372,1389,34.73,555,13.88,315,7.88,51,1.27,469,11.72,780,857,61,0,0.00,4167,104.17
62,5,2012-13,NBB,4,,2,79.4,27,7,15-2,12-5,quartas,0,38,3385,89.08,2712,325,1193,2448,0.487,411,1046,0.393,782,1402,0.558,588,740,0.795,924,364,1288,33.89,656,17.26,311,8.18,116,3.05,470,12.37,848,756,45,0,0.00,4076,107.26
63,5,2012-13,NBB,15,,7,58.8,20,14,13-4,7-10,semifinal,0,44,3529,80.20,2653,68,1232,2624,0.470,363,1013,0.358,869,1611,0.539,702,895,0.784,1053,378,1431,32.52,760,17.27,315,7.16,117,2.66,611,13.89,826,838,22,0,0.00,4136,94.00
64,5,2012-13,NBB,3,,5,67.6,23,11,12-5,11-6,semifinal,0,39,3202,82.10,2613,199,1179,2422,0.487,335,875,0.383,844,1547,0.546,509,695,0.732,921,359,1280,32.82,611,15.67,289,7.41,65,1.67,467,11.97,723,699,67,0,0.00,3754,96.26
65,5,2012-13,NBB,7,,4,67.6,23,11,13-4,10-7,quartas,0,42,3261,77.64,2422,251,1225,2535,0.483,238,685,0.347,987,1850,0.534,573,846,0.677,918,368,1286,30.62,635,15.12,449,10.69,144,3.43,572,13.62,810,820,141,0,0.00,3897,92.79
66,5,2012-13,NBB,17,,3,73.5,25,9,15-2,10-7,vice-campeão,0,41,3439,83.88,2631,224,1230,2465,0.499,382,952,0.401,848,1513,0.560,597,743,0.803,973,319,1292,31.51,714,17.41,262,6.39,93,2.27,496,12.10,815,737,122,0,0.00,4093,99.83
67,5,2012-13,NBB,12,,9,50.0,17,17,9-8,8-9,quartas,0,39,3100,79.49,2745,-5,1118,2435,0.459,300,811,0.370,818,1624,0.504,564,887,0.636,893,434,1327,34.03,510,13.08,276,7.08,81,2.08,549,14.08,856,827,95,0,0.00,3399,87.15
68,5,2012-13,NBB,10,,11,44.1,15,19,10-7,5-12,oitavas,0,36,2907,80.75,2691,54,1044,2208,0.473,354,870,0.407,690,1338,0.516,465,608,0.765,762,295,1057,29.36,559,15.53,259,7.19,60,1.67,418,11.61,763,652,51,0,0.00,3308,91.89
69,5,2012-13,NBB,20,,17,17.6,6,28,4-13,2-15,não classificou,0,33,2377,72.03,2706,-259,838,1947,0.430,211,660,0.320,627,1287,0.487,490,669,0.732,694,249,943,28.58,342,10.36,223,6.76,54,1.64,376,11.39,637,655,25,0,0.00,2503,75.85
70,5,2012-13,NBB,23,,13,35.3,12,22,11-6,1-16,não classificou,0,29,2245,77.41,2828,-174,788,1836,0.429,206,635,0.324,582,1201,0.485,463,683,0.678,628,283,911,31.41,346,11.93,238,8.21,47,1.62,378,13.03,606,596,58,0,0.00,2378,82.00
71,5,2012-13,NBB,8,,14,32.4,11,23,8-9,3-14,não classificou,0,33,2512,76.12,2736,-157,918,2072,0.443,171,622,0.275,747,1450,0.515,505,726,0.696,674,359,1033,31.30,409,12.39,310,9.39,105,3.18,522,15.82,705,641,73,0,0.00,2773,84.03
72,5,2012-13,NBB,11,,10,47.1,16,18,10-7,6-11,oitavas,0,34,2658,78.18,2779,-29,928,1997,0.465,227,653,0.348,701,1344,0.522,575,722,0.796,707,311,1018,29.94,451,13.26,266,7.82,80,2.35,479,14.09,700,624,23,0,0.00,2955,86.91
73,5,2012-13,NBB,19,,12,44.1,15,19,9-8,6-11,oitavas,0,36,2740,76.11,2746,-106,972,2156,0.451,247,748,0.330,725,1408,0.515,549,741,0.741,682,308,990,27.50,365,10.14,313,8.69,52,1.44,415,11.53,717,688,51,0,0.00,2873,79.81
74,5,2012-13,NBB,5,,16,29.4,10,24,7-10,3-14,não classificou,0,33,2600,78.79,2899,-209,885,2068,0.428,243,758,0.321,642,1310,0.490,587,748,0.785,712,307,1019,30.88,367,11.12,267,8.09,46,1.39,448,13.58,650,666,49,0,0.00,2743,83.12
75,5,2012-13,NBB,22,,15,32.4,11,23,6-11,5-12,não classificou,0,34,2546,74.88,2796,-250,861,2030,0.424,212,626,0.339,649,1404,0.462,612,812,0.754,778,316,1094,32.18,423,12.44,200,5.88,45,1.32,501,14.74,770,718,14,0,0.00,2713,79.79
76,5,2012-13,NBB,21,,8,52.9,18,16,10-7,8-9,oitavas,0,38,3035,79.87,2721,6,1105,2394,0.462,275,810,0.340,830,1584,0.524,550,732,0.751,835,333,1168,30.74,536,14.11,310,8.16,94,2.47,416,10.95,791,706,40,0,0.00,3464,91.16
77,5,2012-13,NBB,24,,18,14.7,5,29,4-13,1-16,não classificou,0,31,2268,73.16,3059,-557,813,1856,0.438,218,666,0.327,595,1190,0.500,424,614,0.691,612,281,893,28.81,339,10.94,233,7.52,56,1.81,540,17.42,586,595,25,0,0.00,2250,72.58
78,6,2013-14,NBB,15,,7,59.4,19,13,10-6,9-7,semifinal,0,44,3574,81.23,2607,36,1251,2742,0.456,372,1054,0.353,879,1688,0.521,700,900,0.778,1192,477,1669,37.93,700,15.91,372,8.45,98,2.23,630,14.32,756,871,22,0,0.00,4092,93.00
79,6,2013-14,NBB,5,,17,12.5,4,28,3-13,1-15,não classificou,0,32,2255,70.47,2774,-519,788,1917,0.411,227,754,0.301,561,1163,0.482,452,610,0.741,676,317,993,31.03,349,10.91,263,8.22,46,1.44,446,13.94,650,627,41,0,0.00,2173,67.91
80,6,2013-14,NBB,3,,8,56.2,18,14,10-6,8-8,quartas,0,39,3194,81.90,2602,40,1099,2367,0.464,353,930,0.380,746,1437,0.519,643,827,0.778,930,403,1333,34.18,587,15.05,358,9.18,77,1.97,457,11.72,717,792,71,0,0.00,3639,93.31
81,6,2013-14,NBB,12,,2,71.9,23,9,13-3,10-6,vice-campeão,0,41,3407,83.10,2500,184,1165,2557,0.456,371,1023,0.363,794,1534,0.518,706,881,0.801,959,442,1401,34.17,514,12.54,417,10.17,46,1.12,518,12.63,898,813,32,0,0.00,3699,90.22
82,6,2013-14,NBB,10,,4,65.6,21,11,10-6,11-5,quartas,0,36,2798,77.72,2350,148,990,2043,0.485,299,730,0.410,691,1313,0.526,519,687,0.755,829,277,1106,30.72,543,15.08,306,8.50,67,1.86,407,11.31,782,698,20,0,0.00,3192,88.67
83,6,2013-14,NBB,19,,15,31.2,10,22,6-10,4-12,não classificou,0,31,2358,76.06,2696,-267,808,1825,0.443,227,674,0.337,581,1151,0.505,515,670,0.769,612,309,921,29.71,374,12.06,294,9.48,55,1.77,373,12.03,726,646,43,0,0.00,2457,79.26
84,6,2013-14,NBB,26,,13,40.6,13,19,11-5,2-14,não classificou,0,31,2498,80.58,2605,-35,860,1798,0.478,263,684,0.385,597,1114,0.536,515,663,0.777,745,212,957,30.87,463,14.94,282,9.10,53,1.71,402,12.97,677,655,46,0,0.00,2765,89.19
85,6,2013-14,NBB,23,,10,46.9,15,17,11-5,4-12,oitavas,0,33,2615,79.24,2583,-32,946,2092,0.452,245,685,0.358,701,1407,0.498,478,682,0.701,784,365,1149,34.82,465,14.09,348,10.55,75,2.27,456,13.82,693,640,68,-188,-5.70,2846,86.24
86,6,2013-14,NBB,21,,11,46.9,15,17,11-5,4-12,oitavas,0,35,2684,76.69,2529,-57,1009,2247,0.449,225,689,0.327,784,1558,0.503,441,631,0.699,877,389,1266,36.17,464,13.26,360,10.29,84,2.40,441,12.60,715,650,78,0,0.00,2989,85.40
87,6,2013-14,NBB,25,,16,28.1,9,23,5-11,4-12,não classificou,0,31,2405,77.58,2643,-172,840,1798,0.467,237,656,0.361,603,1142,0.528,488,661,0.738,712,273,985,31.77,457,14.74,262,8.45,47,1.52,409,13.19,673,602,27,0,0.00,2616,84.39
88,6,2013-14,NBB,22,,12,43.8,14,18,10-6,4-12,semifinal,0,43,3475,80.81,2527,64,1189,2624,0.453,344,916,0.376,845,1708,0.495,753,1027,0.733,1040,542,1582,36.79,640,14.88,423,9.84,64,1.49,610,14.19,941,943,60,0,0.00,3865,89.88
89,6,2013-14,NBB,4,,3,65.6,21,11,12-4,9-7,quartas,0,35,3005,85.86,2491,280,1060,2280,0.465,405,1078,0.376,655,1202,0.545,480,597,0.804,967,295,1262,36.06,577,16.49,294,8.40,110,3.14,371,10.60,660,671,49,0,0.00,3540,101.14
90,6,2013-14,NBB,6,,1,81.2,26,6,14-2,12-4,campeão,1,40,3344,83.60,2433,279,1151,2463,0.467,387,1059,0.365,764,1404,0.544,655,858,0.763,1030,441,1471,36.77,651,16.27,370,9.25,67,1.68,519,12.97,791,804,83,0,0.00,3869,96.72
91,6,2013-14,NBB,13,,5,62.5,20,12,10-6,10-6,oitavas,0,35,2922,83.49,2598,66,1019,2118,0.481,346,912,0.379,673,1206,0.558,538,705,0.763,867,312,1179,33.69,571,16.31,352,10.06,112,3.20,464,13.26,650,699,81,0,0.00,3406,97.31
92,6,2013-14,NBB,11,,14,31.2,10,22,8-8,2-14,não classificou,0,29,2044,70.48,2404,-149,739,1680,0.440,161,496,0.325,578,1184,0.488,405,571,0.709,649,260,909,31.34,411,14.17,262,9.03,92,3.17,362,12.48,666,565,46,0,0.00,2249,77.55
93,6,2013-14,NBB,7,,9,46.9,15,17,11-5,4-12,quartas,0,40,3160,79.00,2513,52,1146,2446,0.469,275,795,0.346,871,1651,0.528,593,802,0.739,947,457,1404,35.10,555,13.88,379,9.47,123,3.08,569,14.22,754,792,77,0,0.00,3542,88.55
94,6,2013-14,NBB,17,,6,59.4,19,13,9-7,10-6,oitavas,0,37,3014,81.46,2565,82,1061,2224,0.477,354,908,0.390,707,1316,0.537,538,698,0.771,867,337,1204,32.54,623,16.84,330,8.92,82,2.22,432,11.68,718,698,118,0,0.00,3498,94.54
95,7,2014-15,NBB,6,,3,79.3,23,6,13-1,10-5,campeão,1,39,3444,88.31,2302,300,1221,2459,0.497,380,962,0.395,841,1497,0.562,622,814,0.764,1025,385,1410,36.15,704,18.05,358,9.18,80,2.05,441,11.31,733,809,87,0,0.00,4125,105.77
96,7,2014-15,NBB,27,,14,26.7,8,22,4-11,4-11,não classificou,0,29,2285,78.79,2535,-159,832,1804,0.461,197,618,0.319,635,1186,0.535,424,524,0.809,656,244,900,31.03,478,16.48,297,10.24,38,1.31,394,13.59,561,566,44,0,0.00,2532,87.31
97,7,2014-15,NBB,26,,12,30.0,9,21,7-8,2-13,quartas,0,39,3098,79.44,2523,-153,1047,2282,0.459,316,844,0.374,731,1438,0.508,688,840,0.819,887,377,1264,32.41,527,13.51,326,8.36,51,1.31,545,13.97,890,838,46,0,0.00,3334,85.49
98,7,2014-15,NBB,10,,2,83.3,25,5,14-1,11-4,semifinal,0,37,3066,82.86,2299,184,1091,2205,0.495,333,831,0.401,758,1374,0.552,551,684,0.806,820,319,1139,30.78,657,17.76,362,9.78,92,2.49,458,12.38,762,743,88,0,0.00,3611,97.59
99,7,2014-15,NBB,19,,15,26.7,8,22,7-8,1-14,não classificou,0,30,2350,78.33,2526,-176,852,1942,0.439,204,613,0.333,648,1329,0.488,442,589,0.750,621,385,1006,33.53,366,12.20,338,11.27,54,1.80,407,13.57,699,594,45,0,0.00,2470,82.33
100,7,2014-15,NBB,4,,10,40.0,12,18,7-8,5-10,quartas,0,38,3157,83.08,2525,-56,1115,2329,0.479,324,857,0.378,791,1472,0.537,603,753,0.801,958,358,1316,34.63,639,16.82,296,7.79,123,3.24,526,13.84,843,777,96,0,0.00,3641,95.82
101,7,2014-15,NBB,12,,5,56.7,17,13,10-5,7-8,oitavas,0,34,2750,80.88,2391,73,967,2256,0.429,246,757,0.325,721,1499,0.481,570,750,0.760,865,448,1313,38.62,410,12.06,324,9.53,37,1.09,422,12.41,768,718,52,0,0.00,2943,86.56
102,7,2014-15,NBB,21,,16,26.7,8,22,6-9,2-13,não classificou,0,30,2299,76.63,2521,-222,821,1926,0.426,267,847,0.315,554,1079,0.513,390,554,0.704,691,316,1007,33.57,408,13.60,299,9.97,80,2.67,384,12.80,556,554,24,0,0.00,2440,81.33
103,7,2014-15,NBB,7,,8,46.7,14,16,9-6,5-10,quartas,0,40,3002,75.05,2314,-20,1062,2378,0.447,315,917,0.344,747,1461,0.511,563,797,0.706,955,403,1358,33.95,552,13.80,398,9.95,118,2.95,593,14.82,862,792,92,0,0.00,3285,82.12
104,7,2014-15,NBB,15,,11,40.0,12,18,8-7,4-11,quartas,0,39,3003,77.00,2433,-89,1138,2427,0.469,245,747,0.328,893,1680,0.532,482,635,0.759,1005,372,1377,35.31,693,17.77,288,7.38,93,2.38,523,13.41,732,710,39,0,0.00,3489,89.46
105,7,2014-15,NBB,17,,13,30.0,9,21,6-9,3-12,não classificou,0,29,2155,74.31,2471,-216,759,1728,0.439,221,672,0.329,538,1056,0.509,416,520,0.800,675,252,927,31.97,414,14.28,276,9.52,74,2.55,421,14.52,631,518,38,0,0.00,2352,81.10
106,7,2014-15,NBB,13,,7,51.7,15,14,8-7,7-7,oitavas,0,32,2656,83.00,2397,-10,949,2062,0.460,300,785,0.382,649,1277,0.508,458,611,0.750,758,338,1096,34.25,488,15.25,297,9.28,82,2.56,418,13.06,673,663,62,0,0.00,2935,91.72
107,7,2014-15,NBB,11,,6,56.7,17,13,9-6,8-7,oitavas,0,34,2585,76.03,2228,39,901,2058,0.438,248,772,0.321,653,1286,0.508,535,755,0.709,827,351,1178,34.65,542,15.94,348,10.24,55,1.62,470,13.82,788,728,78,0,0.00,2861,84.15
108,7,2014-15,NBB,23,,9,43.3,13,17,10-5,3-12,oitavas,0,35,2668,76.23,2378,-55,961,2150,0.447,272,796,0.342,689,1354,0.509,474,653,0.726,828,387,1215,34.71,549,15.69,348,9.94,50,1.43,508,14.51,668,670,92,-63,-1.80,2954,84.40
109,7,2014-15,NBB,3,,1,93.3,28,2,14-1,14-1,vice-campeão,0,42,3642,86.71,2263,460,1233,2560,0.482,465,1219,0.381,768,1341,0.573,711,897,0.793,1155,383,1538,36.62,747,17.79,369,8.79,72,1.71,507,12.07,749,840,56,0,0.00,4348,103.52
110,7,2014-15,NBB,22,,4,70.0,21,9,9-6,12-3,semifinal,0,39,3283,84.18,2447,100,1149,2443,0.470,303,826,0.367,846,1617,0.523,682,902,0.756,946,504,1450,37.18,589,15.10,383,9.82,83,2.13,542,13.90,907,868,71,0,0.00,3730,95.64
111,8,2015-16,NBB,27,,8,46.4,13,15,7-7,6-8,quartas,0,35,2601,74.31,2059,1,933,2036,0.458,292,810,0.360,641,1226,0.523,443,641,0.691,861,316,1177,33.63,572,16.34,368,10.51,78,2.23,560,16.00,779,657,76,0,0.00,2935,83.86
112,8,2015-16,NBB,3,,2,75.0,21,7,13-1,8-6,vice-campeão,0,40,3477,86.92,2131,285,1189,2480,0.479,437,1166,0.375,752,1314,0.572,662,863,0.767,1119,386,1505,37.62,705,17.62,359,8.97,54,1.35,527,13.18,781,809,49,0,0.00,4081,102.03
113,8,2015-16,NBB,21,,4,67.9,19,9,9-5,10-4,quartas,0,31,2446,78.90,2064,166,827,1939,0.427,302,875,0.345,525,1064,0.493,490,682,0.718,825,337,1162,37.48,420,13.55,313,10.10,78,2.52,408,13.16,657,637,51,0,0.00,2707,87.32
114,8,2015-16,NBB,6,,1,82.1,23,5,11-3,12-2,campeão,1,40,3414,85.35,1973,389,1231,2492,0.494,337,890,0.379,894,1602,0.558,615,793,0.776,1043,370,1413,35.33,766,19.15,418,10.45,105,2.62,513,12.82,786,796,47,0,0.00,4164,104.10
115,8,2015-16,NBB,29,,13,28.6,8,20,5-9,3-11,oitavas,0,31,2206,71.16,2265,-256,787,1933,0.407,187,647,0.289,600,1286,0.467,445,616,0.722,729,370,1099,35.45,387,12.48,332,10.71,56,1.81,468,15.10,618,620,36,0,0.00,2292,73.94
116,8,2015-16,NBB,26,,15,21.4,6,22,5-9,1-13,não classificou,0,26,1943,74.73,2366,-261,628,1500,0.419,184,583,0.316,444,917,0.484,503,638,0.788,625,221,846,32.54,336,12.92,228,8.77,33,1.27,368,14.15,572,564,24,0,0.00,2011,77.35
117,8,2015-16,NBB,15,,14,25.0,7,21,4-10,3-11,não classificou,0,25,1863,74.52,2314,-218,648,1468,0.441,205,587,0.349,443,881,0.503,362,475,0.762,576,195,771,30.84,371,14.84,211,8.44,39,1.56,341,13.64,545,498,15,0,0.00,1981,79.24
118,8,2015-16,NBB,7,,9,46.4,13,15,5-9,8-6,oitavas,0,33,2538,76.91,2278,-122,877,1900,0.462,236,689,0.343,641,1211,0.529,548,742,0.739,767,298,1065,32.27,477,14.45,289,8.76,91,2.76,522,15.82,685,722,66,0,0.00,2721,82.45
119,8,2015-16,NBB,13,,7,50.0,14,14,6-8,8-6,quartas,0,35,2831,80.89,2236,58,990,2229,0.444,254,713,0.356,736,1516,0.485,597,780,0.765,934,403,1337,38.20,489,13.97,356,10.17,105,3.00,503,14.37,710,719,52,0,0.00,3193,91.23
120,8,2015-16,NBB,19,,12,28.6,8,20,5-9,3-11,não classificou,0,28,1937,69.18,2144,-223,722,1744,0.414,153,572,0.267,569,1172,0.485,340,494,0.688,582,368,950,33.93,345,12.32,327,11.68,60,2.14,414,14.79,593,509,49,0,0.00,2029,72.46
121,8,2015-16,NBB,11,,10,42.9,12,16,6-8,6-8,oitavas,0,33,2407,72.94,2094,-47,877,1969,0.445,191,608,0.314,686,1361,0.504,462,656,0.704,882,354,1236,37.45,493,14.94,276,8.36,85,2.58,510,15.45,695,676,54,0,0.00,2700,81.82
122,8,2015-16,NBB,22,,5,67.9,19,9,12-2,7-7,semifinal,0,40,3215,80.38,2192,100,1135,2531,0.448,300,941,0.319,835,1590,0.525,645,879,0.734,1017,454,1471,36.77,623,15.57,424,10.60,89,2.23,520,13.00,819,836,70,0,0.00,3671,91.78
123,8,2015-16,NBB,28,,11,32.1,9,19,5-9,4-10,oitavas,0,31,2216,71.48,2174,-203,752,1846,0.407,262,797,0.329,490,1049,0.467,450,632,0.712,718,278,996,32.13,424,13.68,341,11.00,42,1.35,437,14.10,704,638,47,0,0.00,2306,74.39
124,8,2015-16,NBB,12,,3,71.4,20,8,11-3,9-5,quartas,0,30,2430,81.00,2060,194,872,1909,0.457,279,758,0.368,593,1151,0.515,407,519,0.784,782,358,1140,38.00,503,16.77,282,9.40,53,1.77,415,13.83,588,571,51,0,0.00,2844,94.80
125,8,2015-16,NBB,4,,6,64.3,18,10,9-5,9-5,semifinal,0,38,3246,85.42,2277,137,1174,2443,0.481,355,946,0.375,819,1497,0.547,543,697,0.779,943,391,1334,35.11,713,18.76,354,9.32,81,2.13,547,14.39,880,758,68,0,0.00,3758,98.89
126,9,2016-17,NBB,26,,12,28.6,8,20,5-9,3-11,oitavas,0,30,2281,76.03,2212,-95,816,1837,0.444,224,664,0.337,592,1173,0.505,425,550,0.773,326,659,985,32.83,494,16.47,197,6.57,49,1.63,427,14.23,692,602,24,-97,-3.23,2433,81.10
127,9,2016-17,NBB,12,,6,57.1,16,12,8-6,8-6,vice-campeão,0,45,3629,80.64,2146,141,1228,2902,0.423,453,1325,0.342,775,1577,0.491,720,927,0.777,619,1036,1655,36.78,762,16.93,300,6.67,109,2.42,593,13.18,951,924,67,124,2.76,3981,88.47
128,9,2016-17,NBB,3,,5,64.3,18,10,10-4,8-6,campeão,1,44,3589,81.57,2086,170,1227,2709,0.453,428,1231,0.348,799,1478,0.541,707,980,0.721,577,1111,1688,38.36,765,17.39,313,7.11,91,2.07,619,14.07,888,943,52,240,5.45,4072,92.55
129,9,2016-17,NBB,28,,15,17.9,5,23,4-10,1-13,não classificou,0,28,2022,72.21,2269,-247,693,1665,0.416,180,582,0.309,513,1083,0.474,456,638,0.715,389,545,934,33.36,400,14.29,208,7.43,53,1.89,418,14.93,627,616,35,-155,-5.54,2045,73.04
130,9,2016-17,NBB,6,,1,75.0,21,7,10-4,11-3,quartas,0,32,2820,88.12,2195,269,961,2058,0.467,290,840,0.345,671,1218,0.551,608,794,0.766,481,803,1284,40.12,648,20.25,197,6.16,65,2.03,431,13.47,646,722,43,226,7.06,3300,103.12
131,9,2016-17,NBB,19,,14,21.4,6,22,4-10,2-12,não classificou,0,26,1789,68.81,2159,-238,628,1598,0.393,199,643,0.309,429,955,0.449,334,468,0.714,398,522,920,35.38,368,14.15,198,7.62,42,1.62,421,16.19,621,473,30,-224,-8.62,1792,68.92
132,9,2016-17,NBB,7,,4,67.9,19,9,11-3,8-6,quartas,0,32,2584,80.75,2199,57,871,1924,0.453,260,766,0.339,611,1158,0.528,582,782,0.744,439,708,1147,35.84,508,15.88,203,6.34,54,1.69,459,14.34,737,708,52,79,2.47,2784,87.00
133,9,2016-17,NBB,31,,9,50.0,14,14,8-6,6-8,oitavas,0,33,2497,75.67,2182,-83,840,1896,0.443,276,769,0.359,564,1127,0.500,541,689,0.785,400,662,1062,32.18,516,15.64,226,6.85,39,1.18,480,14.55,695,712,24,-60,-1.82,2656,80.48
134,9,2016-17,NBB,30,,10,46.4,13,15,5-9,8-6,oitavas,0,33,2492,75.52,2226,-86,838,2077,0.403,295,879,0.336,543,1198,0.453,521,720,0.724,488,712,1200,36.36,475,14.39,249,7.55,79,2.39,461,13.97,683,655,33,-80,-2.42,2596,78.67
135,9,2016-17,NBB,21,,11,42.9,12,16,6-8,6-8,oitavas,0,33,2502,75.82,2184,-68,881,2154,0.409,303,903,0.336,578,1251,0.462,437,621,0.704,436,795,1231,37.30,458,13.88,245,7.42,73,2.21,449,13.61,690,623,41,-103,-3.12,2603,78.88
136,9,2016-17,NBB,11,,13,25.0,7,21,4-10,3-11,não classificou,0,27,2084,77.19,2332,-186,742,1690,0.439,216,686,0.315,526,1004,0.524,384,536,0.716,392,560,952,35.26,454,16.81,202,7.48,53,1.96,439,16.26,628,539,43,-171,-6.33,2206,81.70
137,9,2016-17,NBB,13,,7,57.1,16,12,9-5,7-7,semifinal,0,42,3431,81.69,2250,25,1185,2615,0.453,285,893,0.319,900,1722,0.523,776,1057,0.734,530,1029,1559,37.12,709,16.88,314,7.48,109,2.60,590,14.05,915,946,83,5,0.12,3821,90.98
138,9,2016-17,NBB,22,,2,71.4,20,8,12-2,8-6,quartas,0,32,2614,81.69,2088,186,896,2029,0.442,346,966,0.358,550,1063,0.517,476,655,0.727,392,785,1177,36.78,607,18.97,272,8.50,40,1.25,412,12.88,643,660,47,187,5.84,2986,93.31
139,9,2016-17,NBB,4,,3,67.9,19,9,11-3,8-6,quartas,0,29,2375,81.90,2155,130,852,1822,0.468,260,693,0.375,592,1129,0.524,411,557,0.738,411,646,1057,36.45,589,20.31,180,6.21,66,2.28,419,14.45,592,545,50,37,1.28,2732,94.21
140,9,2016-17,NBB,29,,8,57.1,16,12,8-6,8-6,semifinal,0,40,3052,76.30,2105,25,1067,2458,0.434,305,924,0.330,762,1534,0.497,613,838,0.732,470,966,1436,35.90,653,16.32,316,7.90,60,1.50,587,14.68,877,825,55,-8,-0.20,3314,82.85
141,10,2017-18,NBB,11,,9,50.0,14,14,8-6,6-8,quartas,0,35,2546,72.74,2088,-86,889,2131,0.417,294,914,0.322,595,1217,0.489,474,681,0.696,924,292,1216,34.74,649,18.54,288,8.23,102,2.91,505,14.43,655,681,98,0,0.00,2847,81.34
142,10,2017-18,NBB,12,,2,85.7,24,4,14-0,10-4,campeão,1,40,3365,84.12,2020,360,1160,2663,0.436,486,1358,0.358,674,1305,0.516,559,740,0.755,1141,481,1622,40.55,787,19.68,261,6.53,106,2.65,493,12.32,780,794,74,0,0.00,3964,99.10
143,10,2017-18,NBB,13,,7,53.6,15,13,8-6,7-7,oitavas,0,29,2250,77.59,2069,125,796,1818,0.438,199,621,0.320,597,1197,0.499,459,667,0.688,786,325,1111,38.31,445,15.34,228,7.86,56,1.93,371,12.79,560,609,28,0,0.00,2489,85.83
144,10,2017-18,NBB,32,,12,25.0,7,21,6-8,1-13,oitavas,0,30,2092,69.73,2225,-266,726,1773,0.409,206,638,0.323,520,1135,0.458,434,623,0.697,786,278,1064,35.47,437,14.57,218,7.27,72,2.40,471,15.70,671,591,27,0,0.00,2176,72.53
145,10,2017-18,NBB,22,,4,67.9,19,9,11-3,8-6,vice-campeão,0,40,3042,76.05,1999,131,1091,2495,0.437,371,1111,0.334,720,1384,0.520,489,677,0.722,1091,396,1487,37.17,709,17.73,307,7.67,74,1.85,515,12.88,756,761,54,0,0.00,3512,87.80
146,10,2017-18,NBB,31,,10,42.9,12,16,6-8,6-8,oitavas,0,32,2542,79.44,2239,-55,882,1962,0.450,272,848,0.321,610,1114,0.548,506,683,0.741,814,277,1091,34.09,610,19.06,195,6.09,57,1.78,414,12.94,634,674,37,0,0.00,2824,88.25
147,10,2017-18,NBB,6,,1,89.3,25,3,13-1,12-2,semifinal,0,32,2666,83.31,2058,307,947,2045,0.463,278,786,0.354,669,1259,0.531,494,643,0.768,875,341,1216,38.00,625,19.53,192,6.00,58,1.81,365,11.41,651,617,40,0,0.00,3145,98.28
148,10,2017-18,NBB,30,,14,14.3,4,24,1-13,3-11,não classificou,0,28,1927,68.82,2247,-320,694,1739,0.399,218,661,0.330,476,1078,0.442,321,468,0.686,709,276,985,35.18,416,14.86,181,6.46,53,1.89,403,14.39,529,510,28,0,0.00,1967,70.25
149,10,2017-18,NBB,29,,8,50.0,14,14,11-3,3-11,oitavas,0,33,2544,77.09,2135,24,887,2154,0.412,270,804,0.336,617,1350,0.457,500,645,0.775,936,362,1298,39.33,564,17.09,252,7.64,59,1.79,489,14.82,662,621,62,0,0.00,2816,85.33
150,10,2017-18,NBB,21,,11,42.9,12,16,11-3,1-13,quartas,0,35,2526,72.17,2145,-106,909,2239,0.406,302,946,0.319,607,1293,0.469,406,625,0.650,944,435,1379,39.40,461,13.17,234,6.69,64,1.83,506,14.46,683,675,55,0,0.00,2609,74.54
151,10,2017-18,NBB,3,,5,57.1,16,12,9-5,7-7,semifinal,0,40,3246,81.15,2127,152,1132,2407,0.470,386,1085,0.356,746,1322,0.564,596,799,0.746,1128,330,1458,36.45,666,16.65,239,5.97,91,2.27,510,12.75,864,809,53,0,0.00,3712,92.80
152,10,2017-18,NBB,28,,6,57.1,16,12,10-4,6-8,quartas,0,35,2614,74.69,2101,7,934,2146,0.435,254,794,0.320,680,1352,0.503,492,707,0.696,875,347,1222,34.91,555,15.86,305,8.71,68,1.94,475,13.57,758,709,52,0,0.00,2862,81.77
153,10,2017-18,NBB,7,,3,78.6,22,6,13-1,9-5,quartas,0,31,2479,79.97,1984,281,912,1980,0.461,253,766,0.330,659,1214,0.543,402,583,0.690,880,344,1224,39.48,533,17.19,227,7.32,88,2.84,445,14.35,674,611,71,0,0.00,2857,92.16
154,10,2017-18,NBB,33,,13,25.0,7,21,5-9,2-12,não classificou,0,27,1792,66.37,2188,-315,632,1685,0.375,217,743,0.292,415,942,0.441,311,447,0.696,642,243,885,32.78,338,12.52,239,8.85,48,1.78,365,13.52,484,464,45,0,0.00,1748,64.74
155,10,2017-18,NBB,19,,15,10.7,3,25,2-12,1-13,não classificou,0,27,1871,69.30,2185,-239,665,1635,0.407,152,538,0.283,513,1097,0.468,389,549,0.709,649,319,968,35.85,376,13.93,179,6.63,45,1.67,421,15.59,635,494,27,0,0.00,1888,69.93
156,11,2018-19,NBB,6,,2,84.6,22,4,12-1,10-3,campeão,1,37,3095,83.65,1836,361,1109,2462,0.450,342,1006,0.340,767,1456,0.527,535,700,0.764,1082,485,1567,42.35,686,18.54,263,7.11,60,1.62,468,12.65,724,749,40,0,0.00,3684,99.57
157,11,2018-19,NBB,12,,5,61.5,16,10,8-5,8-5,oitavas,0,28,2351,83.96,2098,111,810,1835,0.441,290,864,0.336,520,971,0.536,441,596,0.740,816,346,1162,41.50,492,17.57,157,5.61,68,2.43,399,14.25,612,593,77,0,0.00,2640,94.29
158,11,2018-19,NBB,32,,7,46.2,12,14,8-5,4-9,semifinal,0,35,2641,75.46,1998,-42,949,2142,0.443,289,829,0.349,660,1313,0.503,454,606,0.749,809,384,1193,34.09,571,16.31,240,6.86,68,1.94,476,13.60,804,694,46,0,0.00,2885,82.43
159,11,2018-19,NBB,15,,11,34.6,9,17,5-8,4-9,oitavas,0,28,2181,77.89,2117,-78,765,1711,0.447,226,733,0.308,539,978,0.551,425,569,0.747,732,265,997,35.61,531,18.96,195,6.96,41,1.46,421,15.04,663,583,29,0,0.00,2430,86.79
160,11,2018-19,NBB,7,,1,88.5,23,3,12-1,11-2,vice-campeão,0,37,3174,85.78,1992,266,1121,2301,0.487,399,1057,0.377,722,1244,0.580,533,678,0.786,998,311,1309,35.38,646,17.46,248,6.70,63,1.70,425,11.49,675,742,70,0,0.00,3684,99.57
161,11,2018-19,NBB,33,,13,19.2,5,21,3-10,2-11,não classificou,0,26,1999,76.88,2208,-209,713,1702,0.419,272,773,0.352,441,929,0.475,301,442,0.681,643,286,929,35.73,355,13.65,196,7.54,55,2.12,363,13.96,520,463,31,0,0.00,2038,78.38
162,11,2018-19,NBB,35,,6,46.2,12,14,8-5,4-9,quartas,0,32,2530,79.06,2075,4,878,2012,0.436,233,711,0.328,645,1301,0.496,541,687,0.787,826,332,1158,36.19,545,17.03,245,7.66,66,2.06,458,14.31,740,648,66,0,0.00,2803,87.59
163,11,2018-19,NBB,22,,4,65.4,17,9,9-4,8-5,semifinal,0,32,2696,84.25,2095,100,975,2067,0.472,278,767,0.362,697,1300,0.536,468,626,0.748,886,356,1242,38.81,622,19.44,201,6.28,90,2.81,401,12.53,619,623,41,0,0.00,3196,99.88
164,11,2018-19,NBB,13,,3,80.8,21,5,11-2,10-3,quartas,0,30,2445,81.50,1976,178,851,1899,0.448,319,853,0.374,532,1046,0.509,424,578,0.734,742,335,1077,35.90,448,14.93,224,7.47,47,1.57,386,12.87,578,635,30,0,0.00,2650,88.33
165,11,2018-19,NBB,31,,14,19.2,5,21,2-11,3-10,não classificou,0,26,1933,74.35,2235,-302,687,1687,0.407,189,625,0.302,498,1062,0.469,370,519,0.713,683,297,980,37.69,448,17.23,176,6.77,28,1.08,380,14.62,500,520,18,0,0.00,2034,78.23
166,11,2018-19,NBB,3,,8,42.3,11,15,6-7,5-8,quartas,0,29,2233,77.00,2065,-48,784,1761,0.445,269,782,0.344,515,979,0.526,396,528,0.750,766,247,1013,34.93,488,16.83,190,6.55,54,1.86,370,12.76,600,554,26,0,0.00,2495,86.03
167,11,2018-19,NBB,34,,10,38.5,10,16,6-7,4-9,oitavas,0,29,2269,78.24,2182,-160,784,1817,0.431,250,758,0.330,534,1059,0.504,451,624,0.723,759,288,1047,36.10,471,16.24,187,6.45,81,2.79,436,15.03,672,612,22,0,0.00,2405,82.93
168,11,2018-19,NBB,21,,12,30.8,8,18,6-7,2-11,quartas,0,31,2285,73.71,2034,-119,845,1991,0.424,240,753,0.319,605,1238,0.489,355,523,0.679,805,367,1172,37.81,420,13.55,221,7.13,73,2.35,435,14.03,621,565,52,0,0.00,2415,77.90
169,11,2018-19,NBB,11,,9,42.3,11,15,8-5,3-10,oitavas,0,28,2182,77.93,2105,-62,762,1759,0.433,248,728,0.341,514,1031,0.499,410,581,0.706,748,301,1049,37.46,470,16.79,212,7.57,62,2.21,407,14.54,576,567,49,0,0.00,2395,85.54
170,12,2019-20,NBB,7,,2,80.0,20,5,10-3,10-2,não classificou,0,23,2007,87.26,1975,211,682,1406,0.485,246,621,0.396,436,785,0.555,397,490,0.810,646,188,834,36.26,450,19.57,138,6.00,58,2.52,283,12.30,445,484,35,0,0.00,2386,103.74
171,12,2019-20,NBB,35,,7,50.0,13,13,9-5,4-8,não classificou,0,26,2141,82.35,2052,89,770,1670,0.461,237,636,0.373,533,1034,0.515,364,503,0.724,661,283,944,36.31,464,17.85,192,7.38,53,2.04,319,12.27,574,534,48,0,0.00,2432,93.54
172,12,2019-20,NBB,32,,9,50.0,13,13,6-5,7-8,não classificou,0,24,1886,78.58,2098,-60,643,1472,0.437,245,688,0.356,398,784,0.508,355,449,0.791,595,236,831,34.62,412,17.17,141,5.88,55,2.29,344,14.33,546,518,29,0,0.00,2056,85.67
173,12,2019-20,NBB,21,,15,19.2,5,21,3-10,2-11,não classificou,0,26,1985,76.35,2107,-122,717,1646,0.436,214,653,0.328,503,993,0.507,337,480,0.702,669,263,932,35.85,347,13.35,189,7.27,60,2.31,328,12.62,580,504,35,0,0.00,2108,81.08
174,12,2019-20,NBB,22,,5,61.5,16,10,10-3,6-7,não classificou,0,26,2152,82.77,2117,35,729,1628,0.448,256,693,0.369,473,935,0.506,438,564,0.777,683,248,931,35.81,442,17.00,196,7.54,60,2.31,366,14.08,516,561,25,0,0.00,2388,91.85
175,12,2019-20,NBB,13,,6,55.6,15,12,7-7,8-5,não classificou,0,27,2202,81.56,2157,45,794,1674,0.474,240,644,0.373,554,1030,0.538,374,527,0.710,686,278,964,35.70,451,16.70,192,7.11,44,1.63,384,14.22,550,557,37,0,0.00,2434,90.15
176,12,2019-20,NBB,38,,10,48.1,13,14,10-5,3-9,não classificou,0,25,2071,82.84,2187,59,742,1634,0.454,249,715,0.348,493,919,0.536,338,442,0.765,669,274,943,37.72,456,18.24,165,6.60,69,2.76,321,12.84,505,465,51,15,0.60,2385,95.40
177,12,2019-20,NBB,27,,8,50.0,13,13,6-6,7-7,não classificou,0,26,2195,84.42,2253,-58,738,1555,0.475,225,632,0.356,513,923,0.556,494,629,0.785,654,238,892,34.31,486,18.69,135,5.19,28,1.08,347,13.35,609,588,56,-15,-0.58,2437,93.73
178,12,2019-20,NBB,15,,14,25.9,7,20,3-10,4-10,não classificou,0,26,2253,86.65,2486,-156,826,1744,0.474,228,644,0.354,598,1100,0.544,373,511,0.730,626,272,898,34.54,543,20.88,190,7.31,46,1.77,368,14.15,583,523,35,0,0.00,2504,96.31
179,12,2019-20,NBB,37,,3,76.9,20,6,8-5,12-1,não classificou,0,24,2131,88.79,2122,180,745,1598,0.466,279,780,0.358,466,818,0.570,362,497,0.728,736,278,1014,42.25,466,19.42,127,5.29,70,2.92,298,12.42,426,485,60,0,0.00,2521,105.04
180,12,2019-20,NBB,11,,4,65.4,17,9,7-6,10-3,não classificou,0,26,2252,86.62,2117,135,799,1723,0.464,234,703,0.333,565,1020,0.554,420,549,0.765,709,306,1015,39.04,466,17.92,185,7.12,51,1.96,320,12.31,612,520,52,-8,-0.31,2595,99.81
181,12,2019-20,NBB,34,,13,30.8,8,18,4-8,4-10,não classificou,0,25,1897,75.88,2234,-259,666,1544,0.431,180,571,0.315,486,973,0.499,385,559,0.689,655,273,928,37.12,403,16.12,167,6.68,45,1.80,397,15.88,484,561,33,0,0.00,1985,79.40
182,12,2019-20,NBB,6,,1,87.5,21,3,9-3,12-0,não classificou,0,24,2040,85.00,1851,189,703,1541,0.456,247,682,0.362,456,859,0.531,387,541,0.715,634,272,906,37.75,469,19.54,174,7.25,43,1.79,283,11.79,454,502,26,8,0.33,2356,98.17
183,12,2019-20,NBB,36,,16,16.0,4,21,3-9,1-12,não classificou,0,25,1774,70.96,2005,-231,632,1553,0.407,168,557,0.302,464,996,0.466,342,473,0.723,599,260,859,34.36,430,17.20,178,7.12,48,1.92,375,15.00,551,475,32,0,0.00,1861,74.44
184,12,2019-20,NBB,12,,11,44.0,11,14,5-8,6-6,não classificou,0,25,2042,81.68,2077,-35,733,1664,0.441,275,826,0.333,458,838,0.547,301,421,0.715,676,298,974,38.96,450,18.00,144,5.76,45,1.80,308,12.32,519,468,89,0,0.00,2292,91.68
185,12,2019-20,NBB,3,,12,42.3,11,15,5-9,6-6,não classificou,0,26,2084,80.15,2106,-22,751,1651,0.455,204,631,0.323,547,1020,0.536,378,541,0.699,671,253,924,35.54,397,15.27,219,8.42,37,1.42,357,13.73,522,504,34,0,0.00,2241,86.19
186,13,2020-21,NBB,37,,3,76.7,23,7,12-3,11-4,vice-campeão,0,35,3112,88.91,2324,381,1104,2303,0.479,404,1044,0.387,700,1259,0.556,500,630,0.794,1006,340,1346,38.46,615,17.57,250,7.14,106,3.03,376,10.74,543,661,93,0,0.00,3724,106.40
187,13,2020-21,NBB,36,,11,40.0,12,18,7-8,5-10,oitavas,0,32,2388,74.62,2507,-264,846,2074,0.408,241,761,0.317,605,1313,0.461,455,662,0.687,796,382,1178,36.81,473,14.78,247,7.72,58,1.81,441,13.78,700,644,36,-18,-0.56,2468,77.12
188,13,2020-21,NBB,12,,4,73.3,22,8,13-2,9-6,semifinal,0,36,2728,75.78,2182,111,996,2438,0.409,350,1091,0.321,646,1347,0.480,386,551,0.701,1022,468,1490,41.39,625,17.36,262,7.28,64,1.78,439,12.19,652,615,61,0,0.00,3123,86.75
189,13,2020-21,NBB,11,,2,86.7,26,4,14-1,12-3,semifinal,0,35,3011,86.03,2229,312,1061,2207,0.481,363,913,0.398,698,1294,0.539,526,695,0.757,969,410,1379,39.40,667,19.06,204,5.83,81,2.31,472,13.49,729,700,38,25,0.71,3555,101.57
190,13,2020-21,NBB,21,,10,46.7,14,16,7-8,7-8,oitavas,0,31,2400,77.42,2279,19,882,2071,0.426,254,845,0.301,628,1226,0.512,382,546,0.700,858,324,1182,38.13,446,14.39,250,8.06,96,3.10,409,13.19,619,577,30,-15,-0.48,2612,84.26
191,13,2020-21,NBB,39,,14,23.3,7,23,4-11,3-12,não classificou,0,30,2236,74.53,2398,-162,817,1958,0.417,242,751,0.322,575,1207,0.476,360,508,0.709,785,341,1126,37.53,443,14.77,224,7.47,66,2.20,392,13.07,576,528,43,0,0.00,2414,80.47
192,13,2020-21,NBB,35,,6,56.7,17,13,10-5,7-8,quartas,0,31,2563,82.68,2246,70,895,1994,0.449,347,905,0.383,548,1089,0.503,426,546,0.780,824,313,1137,36.68,547,17.65,198,6.39,67,2.16,402,12.97,611,584,41,23,0.74,2891,93.26
193,13,2020-21,NBB,7,,7,50.0,15,15,10-5,5-10,quartas,0,35,3009,85.97,2507,103,1072,2245,0.478,315,846,0.372,757,1399,0.541,550,698,0.788,935,331,1266,36.17,690,19.71,253,7.23,80,2.29,438,12.51,674,700,76,-1,-0.03,3539,101.11
194,13,2020-21,NBB,3,,5,63.3,19,11,11-4,8-7,quartas,0,35,2829,80.83,2292,170,1018,2206,0.461,332,947,0.351,686,1259,0.545,461,644,0.716,935,342,1277,36.49,613,17.51,278,7.94,60,1.71,428,12.23,697,636,51,-10,-0.29,3258,93.09
195,13,2020-21,NBB,30,,15,20.0,6,24,3-12,3-12,não classificou,0,30,2279,75.97,2609,-330,842,2010,0.419,280,857,0.327,562,1153,0.487,315,506,0.623,747,377,1124,37.47,505,16.83,176,5.87,45,1.50,400,13.33,609,553,30,16,0.53,2370,79.00
196,13,2020-21,NBB,6,,1,93.3,28,2,15-0,13-2,campeão,1,37,3296,89.08,2156,534,1135,2517,0.451,492,1374,0.358,643,1143,0.563,534,703,0.760,1137,455,1592,43.03,766,20.70,256,6.92,69,1.86,431,11.65,597,724,54,0,0.00,3997,108.03
197,13,2020-21,NBB,28,,12,30.0,9,21,5-10,4-11,oitavas,0,32,2421,75.66,2428,-145,854,1936,0.441,260,777,0.335,594,1159,0.513,453,652,0.695,808,338,1146,35.81,494,15.44,179,5.59,38,1.19,433,13.53,676,650,38,-20,-0.62,2564,80.12
198,13,2020-21,NBB,38,,9,46.7,14,16,8-7,6-9,oitavas,0,33,2723,82.52,2448,25,1008,2213,0.455,313,861,0.364,695,1352,0.514,394,535,0.736,853,361,1214,36.79,582,17.64,257,7.79,64,1.94,455,13.79,693,578,30,0,0.00,3039,92.09
199,13,2020-21,NBB,34,,16,16.7,5,25,3-12,2-13,não classificou,0,29,2217,76.45,2699,-402,766,1851,0.414,279,848,0.329,487,1003,0.486,406,559,0.726,776,281,1057,36.45,460,15.86,177,6.10,44,1.52,440,15.17,538,574,15,0,0.00,2277,78.52
200,13,2020-21,NBB,13,,13,26.7,8,22,5-10,3-12,não classificou,0,30,2131,71.03,2488,-357,776,1972,0.394,240,765,0.314,536,1207,0.444,339,492,0.689,800,306,1106,36.87,515,17.17,231,7.70,67,2.23,455,15.17,575,529,29,0,0.00,2246,74.87
201,13,2020-21,NBB,22,,8,50.0,15,15,8-7,7-8,quartas,0,35,2810,80.29,2474,-65,1007,2264,0.445,340,1006,0.338,667,1258,0.530,456,587,0.777,986,373,1359,38.83,719,20.54,223,6.37,95,2.71,527,15.06,744,636,62,0,0.00,3291,94.03
202,14,2021-22,NBB,28,,12,37.5,12,20,7-9,5-11,oitavas,0,34,2394,70.41,2470,-207,887,2075,0.427,271,845,0.321,616,1230,0.501,349,505,0.691,835,291,1126,33.12,538,15.82,242,7.12,85,2.50,461,13.56,687,580,32,-6,-0.18,2580,75.88
203,14,2021-22,NBB,27,,10,40.6,13,19,10-6,3-13,oitavas,0,32,2413,75.41,2394,-118,852,1998,0.426,241,790,0.305,611,1208,0.506,468,620,0.755,779,349,1128,35.25,454,14.19,214,6.69,49,1.53,395,12.34,715,627,53,0,0.00,2565,80.16
204,14,2021-22,NBB,12,,7,53.1,17,15,11-5,6-10,quartas,0,38,2909,76.55,2474,3,1059,2440,0.434,324,971,0.334,735,1469,0.500,467,633,0.738,958,439,1397,36.76,577,15.18,267,7.03,81,2.13,492,12.95,760,722,63,2,0.05,3192,84.00
205,14,2021-22,NBB,6,,2,81.2,26,6,15-1,11-5,vice-campeão,0,42,3609,85.93,2356,481,1265,2767,0.457,528,1454,0.363,737,1313,0.561,551,747,0.738,1231,504,1735,41.31,815,19.40,264,6.29,95,2.26,534,12.71,702,804,65,0,0.00,4286,102.05
206,14,2021-22,NBB,3,,5,65.6,21,11,13-3,8-8,quartas,0,37,2844,76.86,2459,61,1027,2295,0.447,369,1090,0.339,658,1205,0.546,421,567,0.743,965,302,1267,34.24,622,16.81,245,6.62,69,1.86,435,11.76,671,633,33,-2,-0.05,3198,86.43
207,14,2021-22,NBB,37,,4,71.9,23,9,13-3,10-6,semifinal,0,39,3231,82.85,2402,258,1161,2411,0.482,389,1107,0.351,772,1304,0.592,520,714,0.728,1100,293,1393,35.72,680,17.44,268,6.87,101,2.59,454,11.64,704,729,79,2,0.05,3775,96.79
208,14,2021-22,NBB,40,,16,25.0,8,24,7-9,1-15,não classificou,0,32,2384,74.50,2667,-283,865,2180,0.397,270,918,0.294,595,1262,0.471,384,565,0.680,853,340,1193,37.28,476,14.88,258,8.06,77,2.41,412,12.88,673,576,57,0,0.00,2480,77.50
209,14,2021-22,NBB,36,,11,37.5,12,20,6-10,6-10,oitavas,0,35,2558,73.09,2516,-180,914,2243,0.407,333,1016,0.328,581,1227,0.474,397,598,0.664,899,361,1260,36.00,457,13.06,254,7.26,55,1.57,477,13.63,706,636,60,4,0.11,2577,73.63
210,14,2021-22,NBB,21,,15,31.2,10,22,8-8,2-14,não classificou,0,29,2175,75.00,2564,-226,792,1908,0.415,213,733,0.291,579,1175,0.493,378,576,0.656,772,329,1101,37.97,399,13.76,211,7.28,67,2.31,400,13.79,560,564,41,-1,-0.03,2239,77.21
211,14,2021-22,NBB,22,,13,34.4,11,21,8-8,3-13,não classificou,0,30,2286,76.20,2652,-193,836,1912,0.437,274,849,0.323,562,1063,0.529,340,479,0.710,877,311,1188,39.60,577,19.23,199,6.63,77,2.57,513,17.10,566,526,88,0,0.00,2599,86.63
212,14,2021-22,NBB,38,,6,62.5,20,12,11-5,9-7,quartas,0,37,2866,77.46,2344,84,1043,2386,0.437,370,1068,0.346,673,1318,0.511,410,557,0.736,953,407,1360,36.76,547,14.78,280,7.57,51,1.38,448,12.11,709,591,56,1,0.03,3166,85.57
213,14,2021-22,NBB,39,,14,31.2,10,22,4-12,6-10,não classificou,0,32,2487,77.72,2642,-155,919,2227,0.413,271,931,0.291,648,1296,0.500,378,544,0.695,946,402,1348,42.12,484,15.12,195,6.09,99,3.09,431,13.47,581,570,70,0,0.00,2708,84.62
214,14,2021-22,NBB,34,,17,21.9,7,25,4-12,3-13,não classificou,0,32,2392,74.75,2610,-218,848,2017,0.420,258,804,0.321,590,1213,0.486,438,630,0.695,941,363,1304,40.75,454,14.19,165,5.16,70,2.19,486,15.19,595,628,27,0,0.00,2538,79.31
215,14,2021-22,NBB,35,,9,40.6,13,19,8-8,5-11,oitavas,0,30,2276,75.87,2403,17,824,1947,0.423,321,950,0.338,503,997,0.505,307,405,0.758,782,361,1143,38.10,494,16.47,156,5.20,57,1.90,390,13.00,567,473,43,0,0.00,2515,83.83
216,14,2021-22,NBB,13,,8,46.9,15,17,9-7,6-10,quartas,0,35,2833,80.94,2576,-2,1028,2449,0.420,340,1017,0.334,688,1432,0.480,437,616,0.709,958,506,1464,41.83,582,16.63,260,7.43,98,2.80,469,13.40,602,637,66,0,0.00,3168,90.51
217,14,2021-22,NBB,11,,3,78.1,25,7,14-2,11-5,semifinal,0,38,3140,82.63,2446,245,1122,2371,0.473,381,1069,0.356,741,1302,0.569,515,688,0.749,1052,383,1435,37.76,639,16.82,261,6.87,92,2.42,500,13.16,642,711,112,0,0.00,3645,95.92
218,14,2021-22,NBB,7,,1,90.6,29,3,16-0,13-3,campeão,1,40,3500,87.50,2456,433,1243,2628,0.473,422,1186,0.356,821,1442,0.569,592,764,0.775,1239,406,1645,41.12,683,17.07,226,5.65,105,2.62,451,11.28,698,776,107,0,0.00,4151,103.78
219,15,2022-23,NBB,34,,15,21.9,7,25,2-14,5-11,não classificou,0,32,2486,77.69,2811,-325,862,2039,0.423,291,895,0.325,571,1144,0.499,471,675,0.698,855,330,1185,37.03,531,16.59,184,5.75,42,1.31,495,15.47,652,654,66,0,0.00,2552,79.75
220,15,2022-23,NBB,28,,11,37.5,12,20,7-9,5-11,oitavas,0,34,2466,72.53,2448,-101,872,2107,0.414,265,851,0.311,607,1256,0.483,457,642,0.712,905,296,1201,35.32,432,12.71,249,7.32,73,2.15,470,13.82,681,622,17,0,0.00,2531,74.44
221,15,2022-23,NBB,6,,2,87.5,28,4,15-1,13-3,semifinal,0,39,3268,83.79,2207,500,1168,2515,0.464,466,1295,0.360,702,1220,0.575,466,635,0.734,1153,466,1619,41.51,776,19.90,247,6.33,77,1.97,517,13.26,649,744,47,0,0.00,3954,101.38
222,15,2022-23,NBB,11,,3,68.8,22,10,13-3,9-7,semifinal,0,42,3610,85.95,2524,245,1309,2684,0.488,425,1109,0.383,884,1575,0.561,567,744,0.762,1251,423,1674,39.86,831,19.79,238,5.67,73,1.74,567,13.50,790,791,107,0,0.00,4307,102.55
223,15,2022-23,NBB,7,,1,100.0,32,0,16-0,16-0,campeão,1,46,4183,90.93,2464,432,1448,2946,0.492,517,1331,0.388,931,1615,0.576,770,986,0.781,1371,455,1826,39.70,854,18.57,245,5.33,118,2.57,565,12.28,856,953,86,-10,-0.22,4947,107.54
224,15,2022-23,NBB,13,,6,62.5,20,12,12-4,8-8,quartas,0,38,3076,80.95,2491,109,1109,2554,0.434,319,983,0.325,790,1571,0.503,539,779,0.692,1103,521,1624,42.74,700,18.42,281,7.39,78,2.05,551,14.50,779,727,66,0,0.00,3523,92.71
225,15,2022-23,NBB,37,,4,68.8,22,10,12-4,10-6,vice-campeão,0,44,3772,85.73,2548,191,1339,2828,0.473,495,1324,0.374,844,1504,0.561,599,790,0.758,1140,405,1545,35.11,784,17.82,321,7.30,57,1.30,534,12.14,899,816,55,9,0.20,4265,96.93
226,15,2022-23,NBB,15,,10,46.9,15,17,9-7,6-10,oitavas,0,35,2825,80.71,2642,-43,1044,2251,0.464,321,924,0.347,723,1327,0.545,416,573,0.726,912,350,1262,36.06,712,20.34,222,6.34,83,2.37,432,12.34,667,601,68,0,0.00,3308,94.51
227,15,2022-23,NBB,40,,12,31.2,10,22,5-11,5-11,não classificou,0,32,2514,78.56,2638,-124,882,2121,0.416,361,1073,0.336,521,1048,0.497,389,534,0.728,858,301,1159,36.22,577,18.03,234,7.31,75,2.34,409,12.78,643,581,53,0,0.00,2766,86.44
228,15,2022-23,NBB,38,,9,50.0,16,16,8-8,8-8,quartas,0,39,3079,78.95,2542,-56,1090,2483,0.439,387,1087,0.356,703,1396,0.504,512,686,0.746,1006,395,1401,35.92,576,14.77,256,6.56,53,1.36,503,12.90,787,726,39,11,0.28,3295,84.49
229,15,2022-23,NBB,3,,7,59.4,19,13,12-4,7-9,quartas,0,38,2981,78.45,2275,224,1062,2345,0.453,393,1105,0.356,669,1240,0.540,464,617,0.752,949,333,1282,33.74,664,17.47,282,7.42,63,1.66,424,11.16,717,675,72,0,0.00,3412,89.79
230,15,2022-23,NBB,39,,17,15.6,5,27,4-12,1-15,não classificou,0,32,2602,81.31,2956,-354,907,2105,0.431,392,1141,0.344,515,964,0.534,396,574,0.690,826,323,1149,35.91,502,15.69,207,6.47,60,1.88,500,15.62,512,577,57,0,0.00,2644,82.62
231,15,2022-23,NBB,27,,16,21.9,7,25,5-11,2-14,não classificou,0,32,2429,75.91,2830,-401,885,2079,0.426,242,785,0.308,643,1294,0.497,417,587,0.710,758,315,1073,33.53,517,16.16,215,6.72,47,1.47,392,12.25,696,599,43,0,0.00,2525,78.91
232,15,2022-23,NBB,36,,13,31.2,10,22,6-10,4-12,oitavas,0,35,2708,77.37,2700,-209,996,2286,0.436,304,959,0.317,692,1327,0.521,412,607,0.679,846,387,1233,35.23,492,14.06,283,8.09,45,1.29,486,13.89,681,615,16,0,0.00,2790,79.71
233,15,2022-23,NBB,21,,14,28.1,9,23,4-12,5-11,não classificou,0,32,2360,73.75,2680,-320,861,2109,0.408,243,812,0.299,618,1297,0.476,395,639,0.618,892,387,1279,39.97,421,13.16,214,6.69,53,1.66,432,13.50,667,622,48,-11,-0.34,2403,75.09
234,15,2022-23,NBB,35,,8,53.1,17,15,9-7,8-8,oitavas,0,32,2585,80.78,2527,70,921,2007,0.459,297,893,0.333,624,1114,0.560,446,615,0.725,943,323,1266,39.56,537,16.78,173,5.41,115,3.59,493,15.41,612,616,124,0,0.00,2928,91.50
235,15,2022-23,NBB,12,,5,65.6,21,11,12-4,9-7,quartas,0,40,3140,78.50,2346,162,1156,2767,0.418,340,1071,0.317,816,1696,0.481,488,679,0.719,1035,572,1607,40.17,595,14.88,307,7.67,94,2.35,467,11.68,796,733,76,1,0.03,3474,86.85
236,16,2023-24,NBB,34,,19,13.9,5,31,3-15,2-16,não classificou,0,36,2647,73.53,3201,-554,942,2330,0.404,339,1017,0.333,603,1313,0.459,424,603,0.703,819,322,1141,31.69,489,13.58,250,6.94,51,1.42,454,12.61,661,627,33,0,0.00,2557,71.03
237,16,2023-24,NBB,39,,17,22.2,8,28,4-14,4-14,não classificou,0,36,2698,74.94,2809,-111,987,2353,0.419,297,901,0.330,690,1452,0.475,427,636,0.671,965,456,1421,39.47,557,15.47,259,7.19,66,1.83,475,13.19,641,644,42,0,0.00,2951,81.97
238,16,2023-24,NBB,28,,18,22.2,8,28,4-14,4-14,não classificou,0,36,2610,72.50,2935,-325,899,2247,0.400,252,904,0.279,647,1343,0.482,560,778,0.720,835,407,1242,34.50,601,16.69,279,7.75,62,1.72,513,14.25,739,754,64,0,0.00,2715,75.42
239,16,2023-24,NBB,38,,6,63.9,23,13,15-3,8-10,oitavas,0,39,3322,85.18,2862,178,1160,2540,0.457,421,1237,0.340,739,1303,0.567,581,755,0.770,1036,404,1440,36.92,695,17.82,276,7.08,81,2.08,481,12.33,705,737,32,0,0.00,3779,96.90
240,16,2023-24,NBB,7,,2,86.1,31,5,16-2,15-3,campeão,1,48,4130,86.04,2761,422,1448,3010,0.481,494,1318,0.375,954,1692,0.564,740,926,0.799,1376,484,1860,38.75,933,19.44,291,6.06,126,2.62,635,13.23,936,999,114,0,0.00,4957,103.27
241,16,2023-24,NBB,15,,10,52.8,19,17,11-7,8-10,oitavas,0,38,2990,78.68,2810,44,1100,2429,0.453,327,966,0.339,773,1463,0.528,463,689,0.672,1025,398,1423,37.45,698,18.37,288,7.58,65,1.71,543,14.29,745,691,72,0,0.00,3366,88.58
242,16,2023-24,NBB,6,,1,86.1,31,5,17-1,14-4,vice-campeão,0,48,4033,84.02,2630,431,1430,3052,0.469,475,1366,0.348,955,1686,0.566,698,935,0.747,1288,568,1856,38.67,964,20.08,383,7.98,65,1.35,609,12.69,862,921,94,14,0.29,4833,100.69
243,16,2023-24,NBB,31,,5,66.7,24,12,13-5,11-7,quartas,0,43,3251,75.60,2632,93,1126,2556,0.441,386,1177,0.328,740,1379,0.537,613,838,0.732,1166,411,1577,36.67,832,19.35,304,7.07,114,2.65,652,15.16,925,818,73,0,0.00,3771,87.70
244,16,2023-24,NBB,11,,3,77.8,28,8,15-3,13-5,semifinal,0,47,4019,85.51,2658,441,1400,2959,0.473,502,1357,0.370,898,1602,0.561,717,975,0.735,1331,519,1850,39.36,923,19.64,286,6.09,115,2.45,597,12.70,886,956,77,0,0.00,4779,101.68
245,16,2023-24,NBB,21,,8,55.6,20,16,12-6,8-10,quartas,0,40,3137,78.42,2782,59,1137,2376,0.479,323,953,0.339,814,1423,0.572,540,756,0.714,1123,330,1453,36.33,652,16.30,235,5.88,81,2.02,563,14.07,757,739,67,0,0.00,3540,88.50
246,16,2023-24,NBB,36,,12,47.2,17,19,11-7,6-12,oitavas,0,38,2952,77.68,2857,-41,1104,2472,0.447,350,1075,0.326,754,1397,0.540,394,579,0.680,982,429,1411,37.13,639,16.82,214,5.63,42,1.11,446,11.74,730,661,50,0,0.00,3259,85.76
247,16,2023-24,NBB,12,,7,61.1,22,14,12-6,10-8,quartas,0,39,2950,75.64,2533,191,1084,2490,0.435,309,958,0.323,775,1532,0.506,473,692,0.684,1041,483,1524,39.08,655,16.79,314,8.05,87,2.23,520,13.33,779,709,67,0,0.00,3385,86.79
248,16,2023-24,NBB,35,,9,52.8,19,17,10-8,9-9,oitavas,0,38,3074,80.89,2879,62,1107,2432,0.455,367,1068,0.344,740,1364,0.543,493,686,0.719,1039,369,1408,37.05,702,18.47,226,5.95,79,2.08,458,12.05,673,681,61,0,0.00,3513,92.45
249,16,2023-24,NBB,3,,4,66.7,24,12,15-3,9-9,semifinal,0,46,3699,80.41,2840,109,1348,2918,0.462,428,1267,0.338,920,1651,0.557,575,759,0.758,1163,402,1565,34.02,874,19.00,355,7.72,94,2.04,590,12.83,931,835,78,0,0.00,4243,92.24
250,16,2023-24,NBB,22,,14,27.8,10,26,7-11,3-15,oitavas,0,38,2772,72.95,2856,-207,968,2280,0.425,376,1058,0.355,592,1222,0.484,460,655,0.702,885,378,1263,33.24,627,16.50,240,6.32,39,1.03,515,13.55,819,693,29,2,0.05,2919,76.82
251,16,2023-24,NBB,37,,11,50.0,18,18,10-8,8-10,quartas,0,43,3440,80.00,2849,-25,1205,2565,0.470,415,1164,0.357,790,1401,0.564,615,790,0.778,1108,370,1478,34.37,717,16.67,249,5.79,88,2.05,542,12.60,827,838,39,-2,-0.05,3895,90.58
252,16,2023-24,NBB,13,,13,41.7,15,21,9-9,6-12,oitavas,0,38,2801,73.71,2794,-119,998,2339,0.427,309,961,0.322,689,1378,0.500,496,685,0.724,993,423,1416,37.26,696,18.32,200,5.26,82,2.16,519,13.66,703,721,44,0,0.00,3146,82.79
253,16,2023-24,NBB,40,,16,27.8,10,26,5-13,5-13,oitavas,0,37,2777,75.05,3021,-330,995,2315,0.430,304,934,0.325,691,1381,0.500,483,677,0.713,901,365,1266,34.22,594,16.05,229,6.19,66,1.78,484,13.08,794,702,23,-14,-0.38,2934,79.30
254,16,2023-24,NBB,32,,15,27.8,10,26,6-12,4-14,oitavas,0,38,2999,78.92,3174,-318,1052,2489,0.423,342,1080,0.317,710,1409,0.504,553,765,0.723,916,408,1324,34.84,631,16.61,262,6.89,78,2.05,522,13.74,809,749,21,0,0.00,3123,82.18
255,17,2024-25,NBB,34,,5,55.9,19,15,12-5,7-10,oitavas,0,38,3038,79.95,2732,27,1016,2423,0.419,431,1258,0.343,585,1165,0.502,575,737,0.780,992,373,1365,35.92,602,15.84,234,6.16,72,1.89,426,11.21,778,761,42,0,0.00,3316,87.26
256,17,2024-25,NBB,11,,1,85.3,29,5,16-1,13-4,vice-campeão,0,44,3546,80.59,2411,385,1297,2870,0.452,389,1163,0.334,908,1707,0.532,563,811,0.694,1265,542,1807,41.07,763,17.34,310,7.05,124,2.82,570,12.95,804,836,68,0,0.00,4159,94.52
257,17,2024-25,NBB,31,,7,52.9,18,16,11-6,7-10,quartas,0,40,3084,77.10,2588,11,1046,2430,0.430,370,1170,0.316,676,1260,0.537,622,863,0.721,1085,405,1490,37.25,742,18.55,244,6.10,96,2.40,544,13.60,861,813,60,10,0.25,3487,87.17
258,17,2024-25,NBB,12,,12,44.1,15,19,8-9,7-10,oitavas,0,39,2997,76.85,2592,53,1057,2425,0.436,322,947,0.340,735,1478,0.497,561,746,0.752,961,465,1426,36.56,652,16.72,294,7.54,89,2.28,561,14.38,795,759,82,0,0.00,3344,85.74
259,17,2024-25,NBB,22,,15,32.4,11,23,8-9,3-14,oitavas,0,36,2654,73.72,2760,-228,934,2228,0.419,318,958,0.332,616,1270,0.485,468,676,0.692,840,362,1202,33.39,582,16.17,284,7.89,62,1.72,481,13.36,786,676,56,4,0.11,2801,77.81
260,17,2024-25,NBB,7,,3,73.5,25,9,14-3,11-6,campeão,1,51,4339,85.08,2572,305,1527,3151,0.485,507,1378,0.368,1020,1773,0.575,778,972,0.800,1377,432,1809,35.47,889,17.43,369,7.24,129,2.53,596,11.69,902,1009,124,0,0.00,5121,100.41
261,17,2024-25,NBB,36,,13,38.2,13,21,9-8,4-13,oitavas,0,35,2859,81.69,2834,-63,1028,2294,0.448,397,1092,0.364,631,1202,0.525,406,536,0.757,891,377,1268,36.23,599,17.11,216,6.17,50,1.43,447,12.77,751,614,29,0,0.00,3149,89.97
262,17,2024-25,NBB,38,,11,47.1,16,18,8-9,8-9,oitavas,0,39,2914,74.72,2565,-4,1048,2485,0.422,385,1128,0.341,663,1357,0.489,433,626,0.692,1010,419,1429,36.64,584,14.97,285,7.31,87,2.23,489,12.54,769,715,56,0,0.00,3180,81.54
263,17,2024-25,NBB,13,,4,55.9,19,15,11-6,8-9,quartas,0,44,3331,75.70,2540,72,1178,2804,0.420,372,1186,0.314,806,1618,0.498,603,849,0.710,1169,595,1764,40.09,658,14.95,268,6.09,69,1.57,584,13.27,934,840,80,0,0.00,3634,82.59
264,17,2024-25,NBB,6,,2,76.5,26,8,14-3,12-5,semifinal,0,47,4003,85.17,2587,292,1425,3062,0.465,491,1397,0.351,934,1665,0.561,662,875,0.757,1276,549,1825,38.83,903,19.21,363,7.72,90,1.91,576,12.26,892,918,108,0,0.00,4758,101.23
265,17,2024-25,NBB,21,,17,29.4,10,24,6-11,4-13,não classificou,0,34,2452,72.12,2652,-200,884,2098,0.421,267,860,0.310,617,1238,0.498,417,604,0.690,898,361,1259,37.03,513,15.09,241,7.09,61,1.79,468,13.76,686,619,55,0,0.00,2657,78.15
266,17,2024-25,NBB,15,,10,50.0,17,17,10-7,7-10,oitavas,0,38,2980,78.42,2656,2,1028,2464,0.417,336,1088,0.309,692,1376,0.503,588,787,0.747,1043,451,1494,39.32,659,17.34,285,7.50,83,2.18,512,13.47,710,779,68,0,0.00,3354,88.26
267,17,2024-25,NBB,40,,8,52.9,18,16,12-5,6-11,oitavas,0,38,2992,78.74,2734,-80,1075,2490,0.432,281,932,0.302,794,1558,0.510,561,793,0.707,972,479,1451,38.18,701,18.45,275,7.24,70,1.84,519,13.66,848,787,51,0,0.00,3323,87.45
268,17,2024-25,NBB,28,,16,32.4,11,23,9-8,2-15,oitavas,0,36,2646,73.50,2758,-230,940,2220,0.423,279,924,0.302,661,1296,0.510,487,679,0.717,850,376,1226,34.06,540,15.00,238,6.61,57,1.58,491,13.64,748,719,44,0,0.00,2744,76.22
269,17,2024-25,NBB,32,,18,29.4,10,24,6-11,4-13,não classificou,0,34,2486,73.12,2790,-304,913,2167,0.421,250,799,0.313,663,1368,0.485,410,640,0.641,888,366,1254,36.88,558,16.41,264,7.76,76,2.24,496,14.59,634,643,50,0,0.00,2658,78.18
270,17,2024-25,NBB,35,,9,50.0,17,17,9-8,8-9,quartas,0,40,3313,82.83,2709,67,1192,2629,0.453,414,1202,0.344,778,1427,0.545,515,690,0.746,1108,446,1554,38.85,781,19.52,221,5.53,71,1.77,512,12.80,752,732,42,0,0.00,3816,95.40
271,17,2024-25,NBB,3,,6,55.9,19,15,13-4,6-11,semifinal,0,45,3527,78.38,2669,9,1263,2919,0.433,397,1280,0.310,866,1639,0.528,604,854,0.707,1186,528,1714,38.09,790,17.56,339,7.53,101,2.24,625,13.89,983,844,68,0,0.00,3940,87.56
272,17,2024-25,NBB,37,,14,38.2,13,21,9-8,4-13,quartas,0,40,3045,76.12,2710,-114,1058,2379,0.445,313,1022,0.306,745,1357,0.549,616,848,0.726,1049,380,1429,35.73,695,17.38,251,6.28,60,1.50,569,14.22,737,822,38,-14,-0.35,3358,83.95
273,18,2025-26,NBB,11,,3,76.3,29,9,16-3,13-6,quartas,0,46,4093,88.98,3086,258,1430,3082,0.464,453,1331,0.340,977,1751,0.558,780,1083,0.720,1335,576,1911,41.54,956,20.78,337,7.33,141,3.07,628,13.65,941,954,71,0,0.00,4855,105.54
274,18,2025-26,NBB,42,,14,34.2,13,25,7-12,6-13,oitavas,0,41,3330,81.22,3246,-197,1165,2610,0.446,351,1011,0.347,814,1599,0.509,649,866,0.749,1132,381,1513,36.90,771,18.80,262,6.39,79,1.93,592,14.44,833,817,65,0,0.00,3701,90.27
275,18,2025-26,NBB,15,,8,57.9,22,16,13-6,9-10,oitavas,0,41,3333,81.29,3061,57,1162,2662,0.437,362,1160,0.312,800,1502,0.533,647,869,0.745,1123,409,1532,37.37,762,18.59,329,8.02,90,2.20,548,13.37,818,813,96,0,0.00,3776,92.10
276,18,2025-26,NBB,7,,1,84.2,32,6,16-3,16-3,campeão,1,54,4782,88.56,2922,529,1640,3448,0.476,551,1599,0.345,1089,1849,0.589,951,1201,0.792,1534,542,2076,38.44,1018,18.85,412,7.63,102,1.89,637,11.80,951,1110,115,0,0.00,5695,105.46
277,18,2025-26,NBB,31,,20,15.8,6,32,3-16,3-16,não classificou,0,38,2718,71.53,3095,-377,966,2357,0.410,305,1037,0.294,661,1320,0.501,481,719,0.669,948,383,1331,35.03,688,18.11,279,7.34,68,1.79,601,15.82,731,720,40,0,0.00,2854,75.11
278,18,2025-26,NBB,12,,7,63.2,24,14,15-4,9-10,quartas,0,44,3650,82.95,2969,195,1303,2936,0.444,433,1248,0.347,870,1688,0.515,611,833,0.733,1229,539,1768,40.18,677,15.39,316,7.18,104,2.36,587,13.34,829,802,91,0,0.00,4073,92.57
279,18,2025-26,NBB,13,,2,78.9,30,8,18-1,12-7,vice-campeão,0,52,4445,85.48,2815,425,1558,3510,0.444,571,1695,0.337,987,1815,0.544,758,1036,0.732,1435,743,2178,41.88,953,18.33,378,7.27,125,2.40,689,13.25,1082,1018,115,0,0.00,5160,99.23
280,18,2025-26,NBB,38,,11,52.6,20,18,12-7,8-11,oitavas,0,41,3318,80.93,3057,45,1205,2661,0.453,344,1063,0.324,861,1598,0.539,564,765,0.737,1165,455,1620,39.51,752,18.34,268,6.54,85,2.07,586,14.29,833,749,55,0,0.00,3800,92.68
281,18,2025-26,NBB,22,,9,55.3,21,17,12-7,9-10,quartas,0,46,3551,77.20,2708,199,1242,3069,0.405,464,1515,0.306,778,1554,0.501,603,864,0.698,1305,638,1943,42.24,772,16.78,320,6.96,113,2.46,579,12.59,900,855,86,0,0.00,4032,87.65
282,18,2025-26,NBB,3,,10,55.3,21,17,14-5,7-12,oitavas,0,42,3384,80.57,3034,43,1219,2763,0.441,368,1156,0.318,851,1607,0.530,578,795,0.727,1062,444,1506,35.86,871,20.74,352,8.38,64,1.52,577,13.74,914,762,65,0,0.00,3839,91.40
283,18,2025-26,NBB,34,,4,73.7,28,10,17-2,11-8,semifinal,0,51,4052,79.45,2735,366,1411,3275,0.431,514,1598,0.322,897,1677,0.535,716,965,0.742,1448,569,2017,39.55,933,18.29,386,7.57,126,2.47,704,13.80,969,996,102,0,0.00,4697,92.10
284,18,2025-26,NBB,32,,16,26.3,10,28,7-12,3-16,oitavas,0,41,3018,73.61,3183,-390,1101,2604,0.423,300,1027,0.292,801,1577,0.508,516,778,0.663,1012,425,1437,35.05,647,15.78,291,7.10,86,2.10,580,14.15,786,737,54,0,0.00,3134,76.44
285,18,2025-26,NBB,28,,13,44.7,17,21,9-10,8-11,oitavas,0,42,3081,73.36,2917,-106,1070,2529,0.423,376,1153,0.326,694,1376,0.504,565,787,0.718,1007,420,1427,33.98,717,17.07,304,7.24,62,1.48,587,13.98,859,760,15,0,0.00,3323,79.12
286,18,2025-26,NBB,36,,17,18.4,7,31,5-14,2-17,não classificou,0,38,2732,71.89,3070,-338,979,2495,0.392,327,1167,0.280,652,1328,0.491,447,652,0.686,957,502,1459,38.39,562,14.79,301,7.92,121,3.18,609,16.03,813,650,81,0,0.00,2845,74.87
287,18,2025-26,NBB,6,,5,73.7,28,10,16-3,12-7,quartas,0,47,4121,87.68,3002,322,1456,3125,0.466,555,1531,0.363,901,1594,0.565,654,907,0.721,1265,494,1759,37.43,931,19.81,373,7.94,65,1.38,599,12.74,946,911,107,0,0.00,4728,100.60
288,18,2025-26,NBB,27,,15,31.6,12,26,8-11,4-15,oitavas,0,40,3135,78.38,3242,-255,1083,2555,0.424,320,1028,0.311,763,1527,0.500,649,862,0.753,1043,437,1480,37.00,578,14.45,260,6.50,140,3.50,581,14.53,891,835,108,0,0.00,3327,83.17
289,18,2025-26,NBB,35,,6,71.1,27,11,15-4,12-7,semifinal,0,50,4257,85.14,3016,221,1519,3248,0.468,529,1446,0.366,990,1802,0.549,690,888,0.777,1396,538,1934,38.68,1072,21.44,334,6.68,142,2.84,698,13.96,909,928,111,0,0.00,5114,102.28
290,18,2025-26,NBB,41,,18,18.4,7,31,5-14,2-17,não classificou,0,38,2890,76.05,3337,-447,1022,2487,0.411,335,1116,0.300,687,1371,0.501,511,706,0.724,980,395,1375,36.18,650,17.11,286,7.53,81,2.13,539,14.18,717,675,55,0,0.00,3083,81.13
291,18,2025-26,NBB,40,,12,50.0,19,19,14-5,5-14,oitavas,0,41,3261,79.54,3112,-66,1189,2649,0.449,330,1029,0.321,859,1620,0.530,553,777,0.712,1127,435,1562,38.10,754,18.39,263,6.41,116,2.83,564,13.76,789,766,47,0,0.00,3708,90.44
292,18,2025-26,NBB,21,,19,18.4,7,31,5-14,2-17,não classificou,0,37,2824,76.32,3379,-484,987,2429,0.406,268,915,0.293,719,1514,0.475,582,814,0.715,937,464,1401,37.86,576,15.57,287,7.76,84,2.27,575,15.54,723,703,40,0,0.00,2923,79.00
